Conju-Strut Wiener Index (Max-Conju),NumAromaticRings,Fun_PEOE-Charge_Mean,Full-Mol Wiener Index,Conju_PEOE-Charge_Max,Mid-Fun_LogP_Delta,Chi2v,PEOE_VSA9,Atom_MR_Max,Occupied Orbitals,Atom1_ALIE Min value,PEOE_VSA1,Alcohol,ExactMolWt,Conju_LogP_Std,Atom_LogP_Max,Mid-Fun_PEOE-Charge_Mean,VSA_EState8,LUMO,Conju_PEOE-Charge_Min,Althoxyl,Sulfon,Num of Conju-Strut,VSA_EState3,LabuteASA,Conju_MR_Std,Nitro,Conju_MR_Delta,Arylchloride,Primary_arom_amine,Conju_PEOE-Charge_Mean,Conju_PEOE-Charge_Delta,HeavyAtomMolWt,Arylfluoride,MaxAbsPartialCharge,Conju_PEOE-Charge_Sum,c1ccc2sc_n+_c2c1,MolWt,c1nc_nH_n1,Chi2n,SlogP_VSA7,VSA_EState9,Chi0v,Mid-Fun_PEOE-Charge_Max,Fun_PEOE-Charge_Sum,Octopole Moment,NumAliphaticCarbocycles,Conju_PEOE-Charge_Std,ALIE Average Value,PEOE_VSA6,Max Conju-Distance (Max-Conju),PEOE_VSA4,Amide,Sulfonic_derivative,c1c_nH_cn1,Conju_LogP_Delta,NumHDonors,Tri_boron,c1cc_nH_c1,c1ccc2_nH_ccc2c1,c1ccc2cc3ccccc3cc2c1,Atom_PEOE-Charge_Sum,c1cn_nH_c1,Mid-Fun_PEOE-Charge_Sum,c1cc2ccc(ccnccc3ccc(ccn1)_nH_3)_nH_2,c1nnn_nH_1,c1ccc2ncccc2c1,c1nncs1,Alkylchloride,Alkylbromide,Atom_LogP_Delta,Tertiary_aliph_amine,Aldehyde,Oxime,Acetal,Hemiacetal,Chloroalkene,Molecule Weight,Bromoalkene,Enol,Carboxylic_ester,Atom_PEOE-Charge_Mean,Nitrile,Aryliodide,Azo,Alkene,LEAE Minimal Value,Quadrupole Moment,NumHAcceptors,PEOE_VSA3,Lactam,Atom1_ESP Pi (kcal/mol)
1.023809524,1,0.124193757,1.427272727,-0.125967804,0.3808,3.247225336,4.877147194,6.691,44,9.858382,10.04804515,0,170.0208955,0.0,0.6237,0.247884995,1.443818027,-0.081651,-0.125967804,0,0,1,17.34698602,68.44424424,0.0,0,0.0,0,0,-0.125967804,0.0,162.942,0,0.498581872,-0.125967804,0,169.998,0,2.131870265,0.0,-1.464722222,6.75947116,0.497041518,0.37258127,141.3395,0,0.0,12.68366,6.066367068,4,0.0,0,0,0,0.0,2,1,0,0,0,1.67e-16,0,0.743654984,0,0,0,0,0,0,1.168,0,0,0,0,0,0,169.99403,0,0,0,9.25e-18,0,0,0,0,-1.40778,34.886975,4,0.0,0,13.207422
0.866666667,1,-2.78e-17,0.866666667,-4.16e-17,0.0,3.244094126,3.786415218,8.927,39,9.734129,0.0,0,161.9138832,0.0,0.8456,-4.16e-17,0.0,-0.029607,-4.16e-17,0,0,1,2.031828704,48.939314,0.0,0,0.0,0,0,-4.16e-17,0.0,160.015,0,0.136847148,-4.16e-17,0,163.039,0,0.9171624,0.0,0.0,5.420756691,-4.16e-17,-5.55e-17,49.2643,0,0.0,11.6596,6.066367068,3,0.0,0,0,0,0.0,0,0,0,0,0,-4.16e-17,0,-4.16e-17,0,0,0,0,0,0,0.7226,0,0,0,0,0,0,163.03508,0,0,0,-4.63e-18,0,0,0,0,-0.96253,8.092726,1,0.0,0,12.774025
0.666666667,0,-0.093958154,0.9,-0.123181866,0.8027,0.868080192,5.752853607,7.591,24,8.768344,5.106527395,0,91.99320037,0.0,0.6482,-0.093958154,0.0,-0.012591,-0.123181866,0,0,1,7.645833333,35.21501566,0.0,0,0.0,0,0,-0.123181866,0.0,88.087,0,0.480629757,-0.123181866,0,92.119,0,0.551852426,0.0,0.0,3.404209454,-0.064734442,-0.187916308,27.9638,0,0.0,12.81984,0.0,2,12.62878915,0,0,0,0.0,2,0,0,0,0,2.78e-17,0,-0.187916308,0,0,0,0,0,0,0.9375,0,0,0,0,0,0,92.11683,0,0,0,3.08e-18,0,0,0,0,-0.52952,13.256542,2,0.0,0,14.830128
0.666666667,0,-0.151517951,2.03030303,-0.133720011,1.7186,4.633542301,12.84164325,7.591,55,8.509234,10.21305479,0,210.0020508,0.0,0.6482,-0.151517951,0.0,-0.035858,-0.133720011,0,0,2,16.48305361,78.12165544,0.0,0,0.0,0,0,-0.133720011,0.0,200.196,0,0.481208096,-0.26744002099999997,0,210.276,0,1.931427637,0.0,2.79212963,7.988840639,-0.133720011,-0.454553854,596.5079,0,0.0,12.73145,21.58779595,2,0.0,0,0,0,0.0,2,0,0,0,0,-2.22e-16,0,-0.454553854,0,0,0,0,0,0,0.9375,0,0,0,0,0,0,210.27102,0,0,0,-1.01e-17,0,0,0,0,-1.14885,24.427989,4,0.0,0,15.026383
0.5,0,-0.019289255,1.333333333,-0.019289255,0.0,2.189722705,0.0,7.591,31,7.853093,0.0,0,114.0503213,0.0,0.6482,-0.019289255,7.154722222,-0.01557,-0.019289255,0,0,2,0.0,49.30786556,0.0,0,0.0,0,0,-0.019289255,2.08e-17,104.133,0,0.153720184,-0.038578509,0,114.213,0,1.114807748,0.0,0.0,5.207872535,-0.019289255,-0.038578509,67.3,0,1.04e-17,11.8634,12.15204021,1,11.76188495,0,0,0,0.0,0,0,0,0,0,6.94e-18,0,-0.038578509,0,0,0,0,0,0,0.8517,0,0,0,0,0,0,114.20861,0,0,0,4.08e-19,0,0,0,2,-0.25929,5.110897,1,0.0,0,14.378481
1.107142857,1,-9.71e-17,1.107142857,-1.67e-16,0.0,1.897521867,5.510539274,6.691,33,10.455429,5.106527395,0,128.9884493,0.0,0.6237,-1.67e-16,0.0,-0.062197,-1.67e-16,0,0,1,9.706296296,49.61211234,0.0,0,0.0,0,0,-1.67e-16,0.0,126.116,0,0.476487466,-1.67e-16,0,129.14,0,1.178835569,0.0,0.0,4.682120891,-1.67e-16,-1.94e-16,106.2518,0,0.0,12.87434,0.0,4,0.0,0,0,0,0.0,1,0,0,0,0,-1.67e-16,0,-1.67e-16,0,0,0,0,0,0,0.9476,0,0,0,0,0,0,129.13707,0,0,0,-1.51e-17,0,0,0,0,-1.2783,9.432182,3,9.778515705,0,12.069507
2.231578947,2,-2.78e-17,2.231578947,-9.71e-17,1.8204,5.037772999,11.12690298,7.591,79,8.927329,10.21305479,0,306.0020508,0.0,0.6482,0.08374123,0.0,-0.07996,-9.71e-17,0,0,1,17.88462778,125.4400266,0.0,0,0.0,0,0,-9.71e-17,0.0,296.284,0,0.477610053,-9.71e-17,0,306.364,0,4.074161624,0.0,0.0,11.85830696,0.125611846,-1.67e-16,450.9497,0,0.0,12.57308,12.13273414,11,0.0,0,0,0,0.0,4,0,0,0,0,-2.08e-16,0,0.502447383,0,0,0,0,0,0,0.9375,0,0,0,0,0,0,306.3569,0,0,0,-6.94e-18,0,0,0,0,-1.20712,72.448122,4,9.589074368,0,14.171186
1.166666667,1,-3.47e-18,1.166666667,-9.71e-17,1.2881,2.621379138,0.0,7.591,41,8.619411,5.733667477,0,158.9909479,0.0,0.6895,0.101454282,0.0,-0.023185,-9.71e-17,0,0,1,0.643796296,64.22962671,0.0,0,0.0,1,1,-9.71e-17,0.0,153.593,0,0.397786573,-9.71e-17,0,159.641,0,1.70313767,5.022633314,0.0,6.284935282,0.169546944,-1.39e-17,76.0284,0,0.0,12.06114,11.60093989,5,0.0,0,0,0,0.0,2,0,0,0,0,-9.71e-17,0,0.40581713,0,0,0,0,0,0,1.7165,0,0,0,0,0,0,159.63649,0,0,0,-6.48e-18,0,0,0,0,-0.39929,17.781356,2,0.0,0,12.949498
1.333333333,1,-5.09e-17,1.333333333,-4.16e-17,0.5372,2.368424368,5.563451492,7.591,40,8.820826,5.106527395,0,154.0088504,0.0,0.6482,0.04258714,0.0,-0.058807,-4.16e-17,0,0,1,8.450763416,63.90716775,0.0,0,0.0,0,0,-4.16e-17,0.0,148.142,0,0.477639243,-4.16e-17,0,154.19,0,1.852026589,0.0,0.0,6.006503749,0.092233376,-1.53e-16,214.4718,0,0.0,12.49065,0.0,6,0.0,0,0,0,0.0,2,0,0,0,0,-1.11e-16,0,0.127761419,0,0,0,0,0,0,0.9375,0,0,0,0,0,0,154.18639,0,0,0,-6.94e-18,0,0,0,0,-1.08161,21.801401,2,4.794537184,0,14.260345
1.923809524,2,-4.44e-17,1.897058824,0.437075827,2.3742,5.591190592,9.790966951,7.365,65,12.923427,11.46733495,0,248.0619486,0.0,0.4619,0.034516426,0.0,-0.039777,0.437075827,0,1,1,0.0,99.7936771,0.0,0,0.0,0,2,0.437075827,0.0,236.211,0,0.398727729,0.437075827,0,248.307,0,3.641507975,0.0,-3.483611111,9.814744144,0.17258213,-2.22e-16,464.3061,0,0.0,12.5434,0.0,10,0.0,0,0,0,0.0,2,0,0,0,0,-2.22e-16,0,0.17258213,0,0,0,0,0,0,1.4889,0,0,0,0,0,0,248.30112,0,0,0,-7.66e-18,0,0,0,0,-0.4899,26.743369,4,8.417796984,0,21.720345
0.9,1,-0.051288552,1.142857143,-0.030644618,0.556,1.835615204,0.0,7.591,33,8.201926,0.0,0,125.0299202,0.0,0.6482,-0.051288552,0.0,-0.03642,-0.030644618,0,0,1,0.0,54.17105988,0.0,0,0.0,0,0,-0.030644618,0.0,118.14,0,0.26441694,-0.030644618,0,125.196,0,1.519387438,0.0,0.0,5.30536224,-0.030644618,-0.102577104,111.3044,0,0.0,11.96444,6.066367068,3,12.62878915,0,0,0,0.0,1,0,0,0,0,6.94e-17,0,-0.102577104,0,0,0,0,0,0,0.9721,0,0,0,0,0,0,125.19149,0,0,0,4.63e-18,0,0,0,0,-0.77813,13.764713,2,0.0,0,14.522093
2.578947368,2,-0.01365631,2.578947368,-8.33e-17,2.2978,5.717081406,11.12690298,7.591,79,9.284788,10.21305479,0,307.9925487,0.0,0.6482,0.042960122,0.0,-0.069216,-8.33e-17,0,0,1,18.7743059,121.2153714,0.0,0,0.0,0,0,-8.33e-17,0.0,300.276,0,0.477598624,-8.33e-17,0,308.34,0,3.54719518,0.0,2.621776266,11.51894232,0.181087127,-0.122906793,734.6705,0,0.0,12.70287,0.0,13,0.0,0,0,0,0.0,2,0,0,0,0,-1.94e-16,0,0.300720857,0,0,0,0,0,0,0.9721,0,0,0,0,0,0,308.33296,0,0,0,-6.94e-18,0,0,0,0,-1.57883,71.84687,6,19.55703141,0,15.788872
2.231578947,2,-0.020020705,2.231578947,2.08e-16,3.3446,5.829321769,19.63758905,7.591,79,9.0124,0.0,0,307.9925487,0.0,0.6482,0.246051832,0.0,-0.107055,2.08e-16,0,0,1,21.76597411,121.4406309,0.0,2,0.0,0,0,2.08e-16,0.0,300.276,0,0.28324563,2.08e-16,0,308.34,0,3.616335625,0.0,2.261203704,11.59571225,0.906227996,-0.180186341,196.6765,0,0.0,12.71757,24.26546827,9,0.0,0,0,0,0.0,0,0,0,0,0,1.53e-16,0,1.722362822,0,0,0,0,0,0,0.9878,0,0,0,0,0,0,308.33296,0,0,0,5.45e-18,0,0,0,0,-1.68468,50.94321,6,0.0,0,14.204405
1.0,1,-0.034173969,1.194444444,-0.030586193,1.8144,2.472951327,0.0,7.591,41,8.226418,0.0,0,157.9956989,0.0,0.6895,-0.051260954,0.0,-0.030894,-0.030586193,0,0,1,0.798611111,65.25467812,0.0,0,0.0,1,0,-0.030586193,0.0,151.597,0,0.174496838,-0.030586193,0,158.653,0,1.749523434,5.022633314,0.0,6.492042063,-0.030586193,-0.102521907,107.7112,0,0.0,11.97781,29.8000411,4,12.62878915,0,0,0,0.0,1,0,0,0,0,2.78e-17,0,-0.102521907,0,0,0,0,0,0,0.9572,0,0,0,0,0,0,158.64846,0,0,0,1.73e-18,0,0,0,0,-0.61555,9.722465,1,0.0,0,14.473768
1.966666667,2,-0.02235954,1.966666667,0.0,3.6706,5.45530498,0.0,7.591,65,8.60425,11.46733495,0,248.0441904,0.0,0.6482,0.034358967,0.0,-0.075725,0.0,0,0,1,0.0,102.8144609,0.0,0,0.0,0,2,0.0,0.0,236.28,0,0.397796927,0.0,0,248.376,0,3.242318835,0.0,3.251944444,10.22299243,0.17056535,-0.201235859,40.9573,0,0.0,11.95369,45.85326423,9,0.0,0,0,0,0.0,2,0,0,0,0,5.55e-17,0,0.240512771,0,0,0,0,0,0,1.6752,0,0,0,0,0,0,248.3671,0,0,0,1.98e-18,0,0,0,0,-1.70207,20.878964,4,0.0,0,13.201513
0.9,1,-0.050467117,1.142857143,-0.028941286,1.161,1.959940209,0.0,7.591,33,8.141988,0.0,0,124.0346713,0.0,0.6482,-0.050467117,0.0,-0.022527,-0.028941286,0,0,1,0.0,54.9514119,0.0,0,0.0,0,0,-0.028941286,0.0,116.144,0,0.174553041,-0.028941286,0,124.208,0,1.643712443,0.0,0.0,5.435498914,-0.028941286,-0.100934235,94.4402,0,0.0,11.83525,30.33183534,3,12.62878915,0,0,0,0.0,1,0,0,0,0,-3.47e-17,0,-0.100934235,0,0,0,0,0,0,0.9159,0,0,0,0,0,0,124.20346,0,0,0,-2.17e-18,0,0,0,0,-0.45053,9.855093,1,0.0,0,14.448232
1.692307692,2,-1.85e-17,1.676190476,0.43707591,1.5948,5.079224464,9.790966951,7.365,57,13.951587,0.0,0,218.0401506,0.0,0.1893,-0.077002361,0.0,-0.060182,0.43707591,0,1,1,0.0,89.11389571,0.0,0,0.0,0,0,0.43707591,0.0,208.197,0,0.218514326,0.43707591,0,218.277,0,3.129541847,0.0,-3.338981481,8.814744144,-2.78e-17,-5.55e-17,172.0968,0,0.0,12.52871,36.39820241,8,0.0,0,0,0,0.0,0,0,0,0,0,-1.11e-16,0,-0.231007083,0,0,0,0,0,0,0.5232,0,0,0,0,0,0,218.27184,0,0,0,-4.44e-18,0,0,0,0,-0.85814,23.459458,2,8.417796984,0,19.68101
1.884615385,2,-0.030035332,1.884615385,1.87e-16,1.5948,5.068914101,0.0,7.591,57,8.610768,0.0,0,218.0223923,0.0,0.6482,-0.035041221,0.0,-0.071912,1.87e-16,0,0,1,0.0,92.13467946,0.0,0,0.0,0,0,1.87e-16,0.0,208.266,0,0.062188378,1.87e-16,0,218.346,0,2.792771726,0.0,3.58037037,9.222992435,1.87e-16,-0.210247324,53.1116,0,0.0,11.83529,57.98599836,9,0.0,0,0,0,0.0,0,0,0,0,0,1.39e-16,0,-0.105123662,0,0,0,0,0,0,0.5252,0,0,0,0,0,0,218.33781,0,0,0,5.78e-18,0,0,0,0,-1.58927,15.469872,2,0.0,0,13.663008
1.097222222,2,0.399476354,1.544871795,0.574892792,1.9234,3.598972196,0.0,6.691,68,10.493687,22.08797825,0,272.9459116,0.9617,0.6237,0.259922365,0.031759259,-0.075466,-0.055048061,0,0,2,8.628543084,95.38139258,14.8911,0,29.7822,0,0,0.259922365,0.629940853,266.075,0,1.0,0.519844731,1,274.139,0,2.712625019,0.0,0.0,9.585239492,0.574892792,1.997381771,272.9509,0,0.314970426,12.14099,23.46952001,4,4.567099648,0,0,0,1.9234,1,0,0,0,0,-1.11e-16,0,0.519844731,0,0,0,0,0,0,3.6197,0,0,0,0,0,0,274.13398,0,0,0,-5.05e-18,0,0,0,0,-2.05569,54.555036,2,4.794537184,0,15.882981
1.884615385,2,-0.029968491,1.884615385,-9.71e-17,0.9898,4.808640753,0.0,7.591,57,9.342854,0.0,0,220.0128903,0.0,0.6482,-0.03496324,0.0,-0.05741,-9.71e-17,0,0,1,0.0,90.57397542,0.0,0,0.0,0,0,-9.71e-17,0.0,212.258,0,0.264653288,-9.71e-17,0,220.322,0,2.532498378,0.0,3.444814815,8.962719087,-9.71e-17,-0.20977944,254.469,0,0.0,12.09492,21.58779595,9,0.0,0,0,0,0.0,0,0,0,0,0,1.39e-17,0,-0.10488972,0,0,0,0,0,0,0.9721,0,0,0,0,0,0,220.31387,0,0,0,6.31e-19,0,0,0,0,-1.71428,20.021684,4,0.0,0,14.323394
0.75,1,-0.084344237,1.291666667,-0.040070805,2.0252,2.682123914,6.420821623,6.691,37,9.586983,5.106527395,0,142.0088504,1.0126,0.6237,-0.084344237,0.0,-0.02707,-0.12861767,0,0,2,10.16523148,56.75740647,7.8926,0,15.7852,0,0,-0.084344237,0.088546866,136.131,0,0.480964593,-0.168688475,0,142.179,0,1.649878731,0.0,0.0,5.519364346,-0.040070805,-0.168688475,141.1088,0,0.044273433,12.59235,6.066367068,2,0.0,0,0,0,2.0252,1,0,0,0,0,-1.94e-16,0,-0.168688475,0,0,0,0,0,0,0.913,0,0,0,0,0,0,142.17566,0,0,0,-1.3e-17,0,0,0,0,-0.40162,16.711609,2,0.0,0,12.823732
0.0,0,-0.073428046,0.0,0.0,0.0,3.022130691,0.0,7.591,32,8.00382,0.0,0,116.0659714,0.0,0.6482,-0.073428046,0.0,0.021277,0.0,0,0,0,0.730324074,50.71319711,0.0,0,0.0,0,0,0.0,0.0,104.133,0,0.175930136,0.0,0,116.229,0,2.291833947,0.0,0.0,5.454524962,-0.073428046,-0.073428046,37.8531,1,0.0,11.90012,19.26246487,0,12.62878915,0,0,0,0.0,1,0,0,0,0,3.47e-17,0,-0.073428046,0,0,0,0,0,0,0.9159,0,0,0,0,0,0,116.22449,0,0,0,1.83e-18,0,0,0,0,0.0,7.112867,1,0.0,0,13.423698
0.0,0,-0.266000843,0.0,0.0,0.0,1.727727507,13.21376393,7.365,28,11.255411,0.0,0,107.988115,0.0,0.123,-0.266000843,0.929783951,-0.032195,0.0,2,0,0,0.0,38.1177144,0.0,0,0.0,0,0,0.0,0.0,104.086,0,0.304265896,0.0,0,108.118,0,0.848074696,0.0,0.0,3.863703305,-0.266000843,-0.532001686,31.6184,0,0.0,13.32996,0.0,0,4.208898492,0,0,0,0.0,0,0,0,0,0,2.78e-16,0,-0.532001686,0,0,0,0,0,0,0.4569,0,0,0,0,0,0,108.11624,0,0,0,2.78e-17,0,0,0,0,-1.3566,8.424407,3,0.0,0,11.727479
0.9,1,-0.013187509,1.5,-0.013187509,0.0,5.562114049,4.581970014,7.591,52,8.000043,0.0,0,196.0380424,0.0,0.6482,-0.013187509,0.0,-0.020759,-0.013187509,0,0,1,0.0,82.13156047,0.0,0,0.0,0,0,-0.013187509,0.0,184.244,0,0.142719014,-0.013187509,0,196.34,0,2.837745922,0.0,0.0,8.534911701,-0.013187509,-0.013187509,113.1504,0,0.0,11.85953,30.33183534,3,0.0,0,0,0,0.0,0,0,0,0,0,-5.55e-17,0,-0.013187509,0,0,0,0,0,0,0.8517,0,0,0,0,0,0,196.33222,0,0,0,-2.31e-18,0,0,0,0,-0.37921,17.53599,2,0.0,0,14.389348
0.0,0,-0.175297376,0.0,0.0,0.0,8.174234614,0.0,7.591,49,8.169461,0.0,0,178.0849926,0.0,0.6482,-0.175297376,13.47861111,-0.021237,0.0,0,0,0,0.0,72.94002797,0.0,0,0.0,0,0,0.0,0.0,160.222,0,0.087633231,0.0,0,178.366,0,4.391411538,0.0,3.914351852,9.449489743,-0.175297376,-0.175297376,20.1901,0,0.0,11.87926,63.13021915,0,0.0,0,0,0,0.0,0,0,0,0,0,2.08e-17,0,-0.175297376,0,0,0,0,0,0,0.8533,0,0,0,0,0,0,178.3584,0,0,0,7.43e-19,0,0,0,0,-0.60513,11.478399,2,0.0,0,13.310148
0.0,0,-0.069697112,0.0,0.0,0.0,7.178439358,0.0,7.591,57,7.836179,0.0,0,202.1755218,0.0,0.6482,-0.069697112,18.32766975,0.015539,0.0,0,0,0,0.0,89.90868095,0.0,0,0.0,0,0,0.0,0.0,176.199,0,0.172499827,0.0,0,202.407,0,6.060405369,0.0,0.0,11.41899106,-0.069697112,-0.069697112,94.9984,0,0.0,11.94662,55.3898976,0,12.62878915,0,0,0,0.0,1,0,0,0,0,-2.36e-16,0,-0.069697112,0,0,0,0,0,0,0.9159,0,0,0,0,0,0,202.40008,0,0,0,-6.05e-18,0,0,0,0,0.0,11.509164,1,0.0,0,13.388496
0.666666667,0,0.0,0.966666667,-0.070027387,0.0,2.028473986,4.988502102,7.591,28,7.38898,5.733667477,0,103.0455703,0.0,0.6482,0.0,3.949074074,-0.033203,-0.070027387,0,0,1,0.0,43.53274832,0.0,0,0.0,0,0,-0.070027387,0.0,94.118,0,0.393106796,-0.070027387,0,103.19,0,1.557069465,0.0,0.0,4.87944541,0.0,0.0,39.3642,0,0.0,11.94114,26.06534784,2,0.0,0,0,0,0.0,1,0,0,0,0,0.0,0,0.0,0,0,0,0,0,0,1.6672,0,0,0,0,0,0,103.1859,0,0,0,0.0,0,0,0,0,-1.03706,10.434301,1,0.0,0,9.394585
0.666666667,0,0.0,0.75,-0.076853784,0.0,1.254600961,4.988502102,7.591,20,7.403043,5.733667477,0,75.01427016,0.0,0.6482,0.0,1.675925926,-0.032622,-0.076853784,0,0,1,0.0,30.80286409,0.0,0,0.0,0,0,-0.076853784,0.0,70.096,0,0.39355196,-0.076853784,0,75.136,0,0.61065041,0.0,0.0,3.302095141,0.0,0.0,32.2548,0,0.0,11.82765,12.21787344,2,0.0,0,0,0,0.0,1,0,0,0,0,-3.05e-16,0,0.0,0,0,0,0,0,0,1.6672,0,0,0,0,0,0,75.13267,0,0,0,-3.39e-17,0,0,0,0,-1.03244,5.459704,1,0.0,0,9.79053
0.0,0,-0.072549236,0.0,0.0,0.0,3.110287196,0.0,7.591,33,8.050209,0.0,0,122.0223923,0.0,0.6482,-0.072549236,4.057098765,0.007418,0.0,0,0,0,0.820987654,50.1442107,0.0,0,0.0,0,0,0.0,0.0,112.178,0,0.175082201,0.0,0,122.258,0,1.481206843,0.0,0.0,5.837982111,-0.072549236,-0.145098471,34.6807,0,0.0,11.67136,13.8474744,0,25.2575783,0,0,0,0.0,2,0,0,0,0,-1.21e-16,0,-0.145098471,0,0,0,0,0,0,0.9159,0,0,0,0,0,0,122.25193,0,0,0,-7.59e-18,0,0,0,0,0.0,9.220101,2,0.0,0,13.877165
1.884615385,2,-0.042643609,2.116666667,-0.088259299,1.4497,6.068914101,0.0,7.591,65,8.544699,0.0,0,246.0536924,0.0,0.6482,-0.093880526,4.225321622,-0.069927,-0.088259299,0,0,1,0.0,104.8645637,0.0,0,0.0,0,0,-0.088259299,0.0,232.288,0,0.058182115,-0.088259299,0,246.4,0,3.792771726,0.0,3.609493575,11.0682919,-0.088259299,-0.29850526,77.5775,0,0.0,11.87495,56.98016721,9,0.0,0,0,0,0.0,0,0,0,0,0,-2.78e-17,0,-0.281641578,0,0,0,0,0,0,0.56368,0,0,0,0,0,0,246.39105,0,0,0,-9.25e-19,0,0,0,0,-1.55052,17.981149,2,0.0,0,13.423975
1.0,1,-0.022064852,1.381818182,0.321160919,0.0,3.919484855,4.895483476,7.365,45,14.074406,0.0,0,171.0353995,0.0,0.2142,-0.044129705,1.8818613,-0.043397,0.321160919,0,0,1,4.879057067,65.89701182,0.0,0,0.0,0,0,0.321160919,0.0,162.149,0,0.237545435,0.321160919,0,171.221,0,2.358061798,0.0,-3.519583333,6.927992798,-0.044129705,-0.044129705,173.5453,0,0.0,12.74434,17.69618563,4,0.0,0,1,0,0.0,1,0,0,0,0,5.55e-17,0,-0.044129705,0,0,0,0,0,0,1.2332,0,0,0,0,0,0,171.21692,0,0,0,2.78e-18,0,0,0,0,-0.76782,19.54647,2,13.55677072,0,15.52818
0.75,1,-0.163923163,1.25,-0.119855567,1.4099,2.773873211,11.20446727,6.691,38,9.734648,5.106527395,1,143.0404849,0.0,0.6237,-0.152906264,2.185046296,-0.027755,-0.119855567,1,0,1,8.541388889,58.18047447,0.0,0,0.0,0,0,-0.119855567,0.0,134.139,0,0.395999148,-0.119855567,0,143.211,0,1.83455316,0.0,0.0,6.110735894,-0.119855567,-0.491769489,123.8467,0,0.0,12.31246,0.0,2,0.0,0,0,0,0.0,1,0,0,0,0,2.5e-16,0,-0.305812528,0,0,0,0,0,0,0.9476,0,0,0,0,0,0,143.20678,0,0,0,1.39e-17,0,0,0,0,-0.62524,8.721497,3,4.983978521,0,12.347912
0.866666667,1,-0.02810744,0.976190476,-0.056214879,0.0,4.017296201,3.786415218,8.927,43,9.606172,0.0,0,175.9295333,0.0,0.8456,-0.056214879,2.092685185,-0.025258,-0.056214879,0,0,1,0.0,55.30425611,0.0,0,0.0,0,0,-0.056214879,0.0,172.026,0,0.133632984,-0.056214879,0,177.066,0,1.350157566,0.0,0.0,6.343406422,-0.056214879,-0.056214879,42.7008,0,0.0,11.72883,0.0,3,0.0,0,0,0,0.0,0,0,0,0,0,-8.33e-17,0,-0.056214879,0,0,0,0,0,0,0.76108,0,0,0,0,0,0,177.0617,0,0,0,-6.94e-18,0,0,0,0,-0.83113,8.591938,1,0.0,0,12.855155
0.866666667,1,-0.040570679,0.976190476,-0.081141357,0.0,2.372540844,0.0,6.691,30,9.817609,5.733667477,0,115.0204182,0.0,0.6237,-0.081141357,1.869074074,-0.022085,-0.081141357,0,0,1,8.675925926,45.18434873,0.0,0,0.0,0,1,-0.081141357,0.0,110.121,0,0.373673649,-0.081141357,0,115.161,0,1.159317777,0.0,0.0,4.696522332,-0.081141357,-0.081141357,58.5297,0,0.0,12.37607,11.33678588,3,0.0,0,0,0,0.0,1,0,0,0,0,-1.11e-16,0,-0.081141357,0,0,0,1,0,0,1.6507,0,0,0,0,0,0,115.15681,0,0,0,-9.25e-18,0,0,0,0,-0.37718,16.895746,4,0.0,0,14.292954
0.0,0,-0.077160952,0.0,0.0,0.0,6.474121252,0.0,7.591,81,8.037036,0.0,0,286.2694222,0.0,0.6482,-0.077160952,2.292060923,0.016577,0.0,0,0,0,0.0,128.0983336,0.0,0,0.0,0,0,0.0,0.0,248.265,0,0.179363901,0.0,0,286.569,0,6.026907657,0.0,0.0,14.36245607,-0.077160952,-0.077160952,1147.4358,0,0.0,12.01615,103.2360615,0,12.62878915,0,0,0,0.0,1,0,0,0,0,1.53e-16,0,-0.077160952,0,0,0,0,0,0,0.9159,0,0,0,0,0,0,286.55978,0,0,0,2.68e-18,0,0,0,0,0.0,43.933934,1,0.0,0,13.935305
0.0,0,-0.077160952,0.0,0.0,0.0,2.938587346,0.0,7.591,41,8.037445,0.0,0,146.1129216,0.0,0.6482,-0.077160952,2.248621863,0.01655,0.0,0,0,0,0.0,64.44891249,0.0,0,0.0,0,0,0.0,0.0,128.155,0,0.179363901,0.0,0,146.299,0,2.491373751,0.0,0.0,7.291388255,-0.077160952,-0.077160952,190.7342,0,0.0,11.95077,39.02784531,0,12.62878915,0,0,0,0.0,1,0,0,0,0,8.33e-17,0,-0.077160952,0,0,0,0,0,0,0.9159,0,0,0,0,0,0,146.29361,0,0,0,3.08e-18,0,0,0,0,0.0,17.654922,1,0.0,0,13.912307
2.00877193,3,-0.04108179,2.416996047,-0.279729602,1.8834,5.963133962,0.0,6.691,86,9.808199,9.317060668,0,327.0929144,0.0,0.6237,-0.021774351,5.903674016,-0.085929,-0.279729602,0,0,1,4.292508657,137.5229304,0.0,0,0.0,0,0,-0.279729602,0.0,310.269,0,0.422110085,-0.279729602,0,327.405,0,5.183100648,0.0,0.0,13.85236878,0.337856354,-0.287572533,420.561,0,0.0,12.44106,0.0,10,11.33678588,0,0,0,0.0,0,0,0,0,0,4.44e-16,0,-0.130646108,0,0,0,0,0,0,1.4423,0,0,0,0,0,0,327.39794,0,0,0,1.11e-17,0,0,0,0,-1.58349,33.704214,5,4.794537184,0,12.577593
0.0,0,-0.077459777,0.0,0.0,0.0,0.948683298,0.0,7.591,17,8.057278,0.0,0,62.01902119,0.0,0.6482,-0.077459777,1.989197531,0.015759,0.0,0,0,0,0.0,26.25925981,0.0,0,0.0,0,0,0.0,0.0,56.089,0,0.17965217,0.0,0,62.137,0,0.316227766,0.0,0.0,3.048747568,-0.077459777,-0.077459777,16.0166,0,0.0,11.74784,6.9237372,0,12.62878915,0,0,0,0.0,1,0,0,0,0,0.0,0,-0.077459777,0,0,0,0,0,0,0.9159,0,0,0,0,0,0,62.1339,0,0,0,0.0,0,0,0,0,0.0,4.255702,1,0.0,0,14.004036
1.628571429,2,3.05e-17,1.628571429,1.11e-16,2.0441,4.883915589,11.37477255,7.591,60,8.531668,5.316788604,0,233.0065979,0.0,0.6895,0.060982534,0.0,-0.03141,1.11e-16,0,0,1,4.141047336,97.45890461,0.0,0,0.0,1,0,1.11e-16,0.0,225.659,0,0.35363447,1.11e-16,0,233.723,0,3.363702852,5.022633314,0.0,9.400090175,0.271320628,1.53e-16,169.9295,0,0.0,12.07849,35.49555898,8,0.0,0,0,0,0.0,1,0,0,0,0,1.11e-16,0,0.30491267,0,0,0,0,0,0,1.2083,0,0,0,0,0,0,233.71678,0,0,0,4.83e-18,0,0,0,0,-0.47304,18.326495,2,0.0,0,14.276778
1.532967033,2,-0.037516655,1.552380952,-0.15006662,2.2214,4.680305411,11.37477255,7.591,56,8.554539,4.899909731,0,213.0612204,0.0,0.6482,-0.112549965,0.0,-0.028539,-0.15006662,0,0,1,0.0,93.73055198,0.0,0,0.0,0,0,-0.15006662,0.0,202.217,0,0.342776791,-0.15006662,0,213.305,0,3.596528455,0.0,2.122407407,9.29076062,0.192720626,-0.15006662,39.1444,0,0.0,11.99847,36.02735322,7,0.0,0,0,0,0.0,0,0,0,0,0,4.16e-17,0,-0.450199861,0,0,0,0,0,0,1.094,0,0,0,0,0,0,213.29841,0,0,0,1.6e-18,0,0,0,0,-0.28306,16.526673,2,0.0,0,13.43941
0.75,0,-0.350613786,0.952380952,-0.421603931,0.0,2.040182835,0.0,7.591,31,7.378764,10.21669833,0,116.0408193,0.0,0.6482,-0.350613786,2.063657407,-0.007001,-0.421603931,0,0,1,3.90162037,48.49672232,0.0,0,0.0,0,0,-0.421603931,0.0,108.125,0,0.360795474,-0.421603931,0,116.189,0,1.653484504,0.0,1.988425926,5.086172029,-0.350613786,-0.350613786,32.0991,0,0.0,11.97242,0.0,2,0.0,0,0,0,0.0,1,0,0,0,0,1.94e-16,0,-0.350613786,0,0,0,0,0,0,1.3578,1,0,0,0,0,0,116.18466,0,0,0,1.3e-17,0,0,0,0,-0.20221,10.551584,1,0.0,0,9.512251
0.0,0,-0.080898635,0.0,0.0,0.0,0.0,0.0,7.591,13,8.096066,0.0,0,48.00337113,0.0,0.6482,-0.080898635,0.0,0.015066,0.0,0,0,0,0.0,19.89431769,0.0,0,0.0,0,0,0.0,0.0,44.078,0,0.182803759,0.0,0,48.11,0,0.0,0.0,0.0,2.341640786,-0.080898635,-0.080898635,11.6408,0,0.0,11.63373,0.0,0,12.62878915,0,0,0,0.0,1,0,0,0,0,6.94e-17,0,-0.080898635,0,0,0,0,0,0,0.9159,0,0,0,0,0,0,48.10729,0,0,0,1.16e-17,0,0,0,0,0.0,3.398492,1,0.0,0,14.372363
1.333333333,1,-0.055063798,1.472727273,-0.090638179,0.8049,2.913306916,5.563451492,7.591,44,8.565624,5.106527395,0,168.0245005,0.0,0.6482,-0.01668805,0.0,-0.059232,-0.090638179,0,0,1,8.541608088,69.24015323,0.0,0,0.0,0,0,-0.090638179,0.0,160.153,0,0.477639243,-0.090638179,0,168.217,0,2.033654105,0.0,0.0,6.889607834,0.038978834,-0.220255192,229.6696,0,0.0,12.47727,0.0,6,0.0,0,0,0,0.0,1,0,0,0,0,-8.33e-17,0,-0.05006415,0,0,0,0,0,0,0.9375,0,0,0,0,0,0,168.21301,0,0,0,-4.38e-18,0,0,0,0,-1.09188,32.462435,2,4.794537184,0,13.799755
1.107142857,1,-0.055062848,1.25,-0.090638209,1.2052,2.577678107,0.0,7.591,37,7.958878,5.106527395,0,140.0295859,0.0,0.6482,0.024191952,0.0,-0.016433,-0.090638209,0,0,1,8.842928949,58.71368901,0.0,0,0.0,0,0,-0.090638209,0.0,132.143,0,0.507965608,-0.090638209,0,140.207,0,1.698025295,0.0,0.0,5.981359544,0.124239089,-0.220251393,139.742,0,0.0,12.13645,0.0,5,0.0,0,0,0,0.0,1,0,0,0,0,-6.94e-17,0,0.072575855,0,0,0,0,0,0,0.9375,0,0,0,0,0,0,140.20287,0,0,0,-4.08e-18,0,0,0,0,-0.35397,14.428056,2,0.0,0,13.923862
0.0,0,-0.169109069,0.0,0.0,0.675,4.420600385,0.0,7.591,93,8.259311,0.0,0,379.990438,0.0,0.6482,-0.170205665,0.0,-0.005333,0.0,0,0,0,0.0,118.6008727,0.0,0,0.0,0,0,0.0,0.0,375.129,0,0.459647294,0.0,0,380.169,0,3.97338679,0.0,0.0,10.6693925,-0.034531451,-2.536636029,260.4832,0,0.0,15.42629,0.0,0,69.70418477,0,0,0,0.0,1,0,0,0,0,-5.69e-16,0,-2.042467986,0,0,0,0,0,0,0.9159,0,0,0,0,0,0,380.16962,0,0,0,-2.11e-17,0,0,0,0,-0.06036,10.76581,1,0.0,0,14.395269
1.272727273,1,2.31e-17,1.272727273,1.11e-16,1.6808,2.263997695,4.895483476,7.591,45,9.048857,0.0,0,181.9813339,0.0,0.6482,0.560850946,0.0,-0.033342,1.11e-16,0,0,1,0.0,65.24861139,0.0,0,0.0,0,0,1.11e-16,0.0,180.125,4,0.203605245,1.11e-16,0,182.141,0,1.816784099,0.0,0.0,5.930848948,0.812099377,1.39e-16,66.0345,0,0.0,13.96255,0.0,5,0.0,0,0,0,0.0,1,0,0,0,0,1.39e-16,0,3.365105676,0,0,0,0,0,0,0.9159,0,0,0,0,0,0,182.1387,0,0,0,1.07e-17,0,0,0,0,-0.57751,10.483949,1,17.56166019,0,13.800854
1.0,2,0.046422906,2.018421053,0.414992463,0.6702,7.504171869,13.72361334,7.365,81,14.408329,0.0,0,315.003528,0.0,0.4202,0.030904948,0.0,-0.079629,0.414992463,0,0,2,0.0,115.8706963,0.0,0,0.0,0,0,0.414992463,0.0,305.267,0,0.283110933,0.829984925,0,315.347,0,3.78878645,0.0,-9.532226946,11.68116367,0.092845811,0.185691622,284.7063,0,0.0,13.19234,36.39820241,4,0.0,0,2,0,0.0,0,0,0,0,0,-2.22e-16,0,0.123619792,0,0,0,0,0,0,0.7541,0,0,0,0,0,0,315.34054,0,0,0,-7.4e-18,0,0,0,0,-1.36162,47.488475,4,16.83559397,0,8.957976
0.666666667,0,-0.148788352,2.55,-0.111501017,1.3068,4.262770897,0.0,7.591,81,8.250049,26.58029947,0,307.0838063,0.25205,0.6482,-0.148788352,-0.566597345,-0.012172,-0.234610807,0,0,4,21.36624676,119.8529677,0.25345,0,0.5069,0,0,-0.167395315,0.12310979,290.192,0,0.480086286,-0.669581261,0,307.328,0,3.897622525,0.0,0.0,11.42953907,-0.074360498,-0.743941758,1243.5247,0,0.055193391,12.9796,0.0,2,12.62878915,2,0,0,0.5041,6,0,0,0,0,3.33e-16,0,-0.743941758,0,0,0,0,0,0,1.6672,0,0,0,0,0,0,307.32368,0,0,0,9e-18,0,0,0,0,-0.38248,33.691341,6,0.0,0,14.540745
0.666666667,0,-0.094174967,1.095238095,-0.113511521,0.8027,1.492453298,0.0,7.591,32,8.236622,10.84019487,0,121.0197495,0.0,0.6482,-0.094174967,0.0,-0.007154,-0.113511521,0,0,1,8.008101852,46.91984847,0.0,0,0.0,0,0,-0.113511521,0.0,114.105,0,0.480063884,-0.113511521,0,121.161,0,1.127304926,0.0,0.0,4.558909992,-0.074838414,-0.188349935,57.1776,0,0.0,12.66072,0.0,2,12.62878915,0,0,0,0.0,3,0,0,0,0,-3.89e-16,0,-0.188349935,0,0,0,0,0,0,1.6672,0,0,0,0,0,0,121.15809,0,0,0,-2.78e-17,0,0,0,0,-0.28299,17.973738,3,0.0,0,15.188635
0.666666667,0,-0.136876822,2.082417582,-0.113467355,1.7186,5.010781824,0.0,7.591,63,8.549594,21.68038974,0,240.0238489,0.0,0.6482,-0.136876822,0.0,-0.038711,-0.113467355,0,0,2,16.8246817,88.80143684,0.0,0,0.0,0,0,-0.113467355,0.0,228.21,0,0.480063385,-0.22693471,0,240.306,0,2.458497074,0.0,2.405833333,8.884028154,-0.113467355,-0.410630467,493.2632,0,0.0,12.80582,21.58779595,2,0.0,0,0,0,0.0,4,0,0,0,0,-4.44e-16,0,-0.410630467,0,0,0,0,0,0,1.6672,0,0,0,0,0,0,240.30031,0,0,0,-1.71e-17,0,0,0,0,-1.26557,57.239549,6,0.0,0,15.831529
0.666666667,0,-0.136876822,2.082417582,-0.113467355,1.7186,5.010781824,0.0,7.591,63,8.478734,21.68038974,0,240.0238489,0.0,0.6482,-0.136876822,0.0,-0.03452,-0.113467355,0,0,2,16.8246817,88.80143684,0.0,0,0.0,0,0,-0.113467355,0.0,228.21,0,0.480063385,-0.22693471,0,240.306,0,2.458497074,0.0,2.405833333,8.884028154,-0.113467355,-0.410630467,503.0731,0,0.0,12.77527,21.58779595,2,0.0,0,0,0,0.0,4,0,0,0,0,-4.44e-16,0,-0.410630467,0,0,0,0,0,0,1.6672,0,0,0,0,0,0,240.30031,0,0,0,-1.71e-17,0,0,0,0,-1.1579,43.047658,6,0.0,0,16.519479
0.666666667,0,-0.136876822,2.082417582,-0.113467355,1.7186,5.010781824,0.0,7.591,63,8.580849,21.68038974,0,240.0238489,0.0,0.6482,-0.136876822,0.0,-0.037727,-0.113467355,0,0,2,16.8246817,88.80143684,0.0,0,0.0,0,0,-0.113467355,0.0,228.21,0,0.480063385,-0.22693471,0,240.306,0,2.458497074,0.0,2.405833333,8.884028154,-0.113467355,-0.410630467,549.9213,0,0.0,12.79773,21.58779595,2,0.0,0,0,0,0.0,4,0,0,0,0,-4.44e-16,0,-0.410630467,0,0,0,0,0,0,1.6672,0,0,0,0,0,0,240.30031,0,0,0,-1.71e-17,0,0,0,0,-1.25179,25.078222,6,0.0,0,15.155981
0.75,0,0.0,0.75,3.33e-16,0.0,0.873773448,0.0,7.591,20,7.330919,11.46733495,0,76.00951913,0.0,0.6482,0.0,0.0,0.003637,3.33e-16,0,0,1,2.22e-16,29.77781267,0.0,0,0.0,0,0,3.33e-16,0.0,72.092,0,0.376505715,3.33e-16,0,76.124,0,0.402368927,0.0,0.0,2.87944541,0.0,0.0,34.1899,0,0.0,11.95319,0.0,2,0.0,0,0,0,0.0,2,0,0,0,0,2.22e-16,0,0.0,0,0,0,0,0,0,1.6672,0,0,0,0,0,0,76.12069,0,0,0,2.78e-17,0,0,0,0,0.0,7.979776,1,0.0,0,10.042731
1.3,2,0.049973418,1.3,4.16e-17,1.4442,4.142052304,10.21662063,8.927,56,9.501396,5.733667477,0,227.9356813,0.0,0.8456,0.036232623,0.0,-0.02831,4.16e-17,0,0,1,0.623240741,76.18051721,0.0,0,0.0,0,1,4.16e-17,0.0,224.062,0,0.375083341,4.16e-17,0,229.102,0,2.164149778,0.0,0.0,7.945320556,0.057905355,0.24986709,303.0894,0,0.0,11.99027,27.26672978,6,0.0,0,0,0,0.0,1,0,0,0,0,5.55e-17,0,0.108697868,0,0,0,0,0,0,1.8726,0,0,0,0,0,0,229.09658,0,0,0,3.47e-18,0,0,0,0,-0.50367,22.165977,3,4.983978521,0,15.385835
1.3,2,0.081594567,1.3,2.78e-17,1.0188,3.226376775,10.21662063,6.691,43,9.468685,5.733667477,0,168.0157474,0.0,0.6237,0.088294817,0.0,-0.023063,2.78e-17,0,0,1,0.477407407,66.478505,0.0,0,0.0,0,1,2.78e-17,0.0,163.156,1,0.375083335,2.78e-17,0,168.196,0,2.164149778,0.0,0.0,6.359324017,0.206979101,0.407972835,217.4069,0,0.0,12.63802,11.33678588,6,0.0,0,0,0,0.0,1,0,0,0,0,0.0,0,0.26488445,0,0,0,0,0,0,1.6507,0,0,0,0,0,0,168.19145,0,0,0,0.0,0,0,0,0,-0.43471,14.963929,3,9.374393569,0,15.337022
0.0,0,-0.075792075,0.0,0.0,0.0,0.959495528,0.0,7.591,21,8.104248,5.733667477,0,77.02992022,0.0,0.6482,-0.075792075,0.683641975,0.015239,0.0,0,0,0,0.0,31.5991505,0.0,0,0.0,0,0,0.0,0.0,70.096,0,0.329661156,0.0,0,77.152,0,0.512281932,0.0,0.0,3.333204618,-0.075792075,-0.075792075,58.7638,0,0.0,11.86188,0.0,0,12.62878915,0,0,0,0.0,2,0,0,0,0,2.78e-17,0,-0.075792075,0,0,0,0,0,0,1.6672,0,0,0,0,0,0,77.14855,0,0,0,2.52e-18,0,0,0,0,0.0,9.284042,2,0.0,0,14.041539
0.0,0,-0.185608524,0.0,0.0,0.0,3.923415484,0.0,7.591,41,8.386776,11.46733495,0,152.0441904,0.0,0.6482,-0.185608524,1.532218443,-0.033589,0.0,0,0,0,0.0,58.1600409,0.0,0,0.0,0,0,0.0,0.0,140.192,0,0.329620494,0.0,0,152.288,0,1.22130082,0.0,3.578981481,6.432617406,-0.185608524,-0.185608524,200.2773,0,0.0,11.9396,21.58779595,0,0.0,0,0,0,0.0,2,0,0,0,0,0.0,0,-0.185608524,0,0,0,0,0,0,1.6672,0,0,0,0,0,0,152.28121,0,0,0,0.0,0,0,0,0,-1.08276,21.781688,4,0.0,0,14.101099
1.477272727,2,0.0,1.477272727,5.55e-17,1.603,4.179115372,9.754294387,6.691,50,9.761846,0.0,0,193.9860068,0.0,0.6237,-0.02482266,0.0,-0.086796,5.55e-17,0,0,1,3.835,78.29568808,0.0,0,0.0,0,0,5.55e-17,0.0,188.232,0,0.28678268,5.55e-17,0,194.28,0,2.283726986,0.0,0.0,7.821839648,5.55e-17,0.0,95.0479,0,0.0,12.14345,12.13273414,6,0.0,0,0,0,0.0,0,0,0,0,0,8.33e-17,0,-0.07446798,0,0,0,0,0,0,0.902,0,0,0,0,0,0,194.27325,0,0,0,4.63e-18,0,0,0,0,-1.3651,20.491124,3,0.0,0,11.606484
0.5,0,-0.165646911,1.0,-0.165646911,0.0,2.875792442,0.0,7.591,31,7.939219,0.0,0,116.0295859,0.0,0.6482,-0.165646911,0.0,-0.029916,-0.165646911,0,0,1,0.0,47.47782046,0.0,0,0.0,0,0,-0.165646911,0.0,108.121,0,0.299651667,-0.165646911,0,116.185,0,1.65104757,0.0,0.0,4.961420287,-0.165646911,-0.165646911,45.7839,0,0.0,12.33727,0.0,1,11.76188495,0,0,0,0.0,0,0,0,0,0,-1.25e-16,0,-0.165646911,0,0,0,0,0,0,0.9265,0,0,0,0,0,0,116.1814,0,0,0,-8.33e-18,0,0,0,0,-1.41102,17.812516,2,0.0,0,14.288166
0.75,0,-0.165592894,0.866666667,-0.228841974,0.0,2.130410123,0.0,7.591,27,8.681939,5.316788604,0,103.0091848,0.0,0.6482,-0.165592894,0.850694444,0.003384,-0.228841974,0,0,1,2.763888889,40.29779841,0.0,0,0.0,0,0,-0.228841974,0.0,98.106,0,0.346132827,-0.228841974,0,103.146,0,1.062695886,0.0,0.0,4.047206724,-0.165592894,-0.165592894,54.4043,0,0.0,12.4961,11.76188495,2,0.0,0,0,0,0.0,1,0,0,0,0,2.36e-16,0,-0.165592894,0,0,0,0,0,0,1.3578,0,0,0,0,0,0,103.14281,0,0,0,2.14e-17,0,0,0,0,0.0,6.183932,2,0.0,1,14.46317
0.0,0,-0.144038302,0.0,0.0,0.9375,2.230140404,12.20793278,7.591,41,8.345829,10.21305479,2,154.0122216,0.0,0.6482,-0.126592161,0.0,0.012293,0.0,2,0,0,17.50231481,59.7326782,0.0,0,0.0,0,0,0.0,0.0,144.176,0,0.389545831,0.0,0,154.256,0,1.499843661,0.0,0.0,6.146622865,-0.074253736,-0.864229813,94.4461,0,0.0,12.15117,0.0,0,25.2575783,0,0,0,0.0,4,0,0,0,0,1.67e-16,0,-0.506368642,0,0,0,0,0,0,0.9375,0,0,0,0,0,0,154.25074,0,0,0,9.25e-18,0,0,0,0,0.0,17.040001,4,0.0,0,13.811136
1.071428571,1,-6.01e-17,1.071428571,-1.94e-16,0.9375,1.970520022,0.0,7.591,33,8.538081,5.106527395,0,126.0139358,0.0,0.6482,0.081767416,0.0,-0.014949,-1.94e-16,0,0,1,8.84287037,53.38070354,0.0,0,0.0,0,0,-1.94e-16,0.0,120.132,0,0.506794809,-1.94e-16,0,126.18,0,1.488714335,0.0,0.0,5.098255459,0.21364281,-1.8e-16,63.306,0,0.0,12.09844,12.13273414,4,0.0,0,0,0,0.0,2,0,0,0,0,-1.94e-16,0,0.245302247,0,0,0,0,0,0,0.9375,0,0,0,0,0,0,126.17625,0,0,0,-1.39e-17,0,0,0,0,-0.2611,16.604817,2,0.0,0,11.948828
1.884615385,2,-0.017558635,1.884615385,1.39e-16,0.9898,4.672503207,0.0,7.591,57,9.129102,0.0,0,220.0128903,0.0,0.6482,-0.020485075,0.0,-0.043228,1.39e-16,0,0,1,2.005839002,90.57397542,0.0,0,0.0,0,0,1.39e-16,0.0,212.258,0,0.249081152,1.39e-16,0,220.322,0,2.502616982,0.0,3.233148148,8.962719087,1.39e-16,-0.122910448,241.0075,0,0.0,12.05643,12.13273414,9,0.0,0,0,0,0.0,0,0,0,0,0,2.5e-16,0,-0.061455224,0,0,0,0,0,0,0.9721,0,0,0,0,0,0,220.31387,0,0,0,1.14e-17,0,0,0,0,-1.22054,14.390779,4,9.967957042,0,12.56414
2.0625,2,-0.03358633,2.0625,-4.3e-16,0.0,3.719423243,0.0,7.591,60,7.480233,10.63357721,0,228.0721194,0.0,0.6482,-0.06717266,0.0,-0.042676,-4.3e-16,0,0,1,6.816241497,100.3119441,0.0,0,0.0,0,0,-4.3e-16,0.0,216.224,0,0.332489165,-4.3e-16,0,228.32,0,3.311174953,0.0,0.0,9.498247563,-0.06717266,-0.13434532,206.6079,0,0.0,11.95258,36.39820241,10,0.0,0,0,0,0.0,2,0,0,0,0,-3.19e-16,0,-0.13434532,0,0,0,0,0,0,1.167,0,0,0,0,0,0,228.31305,0,0,0,-1.14e-17,0,0,0,0,-0.58596,22.887445,1,0.0,0,9.924862
0.75,1,8.33e-17,0.75,8.33e-17,0.0,1.609645051,0.0,6.691,22,9.496015,0.0,0,84.00337113,0.0,0.6237,8.33e-17,0.0,-0.017386,8.33e-17,0,0,1,4.083333333,35.07176639,0.0,0,0.0,0,0,8.33e-17,0.0,80.111,0,0.152454341,8.33e-17,0,84.143,0,0.79314847,0.0,0.0,3.534145948,8.33e-17,8.33e-17,18.5802,0,0.0,11.80976,12.13273414,2,11.33678588,0,0,0,0.0,0,0,0,0,0,6.94e-17,0,8.33e-17,0,0,0,0,0,0,0.5007,0,0,0,0,0,0,84.13949,0,0,0,7.71e-18,0,0,0,0,-0.27074,6.898947,1,0.0,0,12.353236
1.785714286,3,2.31e-17,1.785714286,1.8e-16,1.7383,6.097665129,0.0,6.691,64,9.540164,0.0,0,247.9788133,0.0,0.6237,-1.65e-05,0.0,-0.067852,1.8e-16,0,0,1,4.249739701,100.4666813,0.0,0,0.0,0,0,1.8e-16,0.0,240.333,0,0.142984959,1.8e-16,0,248.397,0,3.118499787,0.0,0.0,10.29303677,1.8e-16,6.94e-17,109.1987,0,0.0,11.87168,12.13273414,8,0.0,0,0,0,0.0,0,0,0,0,0,6.94e-17,0,-4.94e-05,0,0,0,0,0,0,0.5007,0,0,0,0,0,0,248.38672,0,0,0,3.02e-18,0,0,0,0,-0.50406,22.93613,3,0.0,0,12.983163
0.75,1,1.39e-17,0.75,1.39e-17,0.0,1.430866744,5.510539274,6.691,22,9.969981,0.0,0,84.9986201,0.0,0.6237,1.39e-17,0.0,-0.032174,1.39e-17,0,0,1,1.930555556,34.29141437,0.0,0,0.0,0,0,1.39e-17,0.0,82.107,0,0.253177645,1.39e-17,0,85.131,0,0.675717179,0.0,0.0,3.404009274,1.39e-17,1.39e-17,33.5792,0,0.0,12.04434,0.0,2,0.0,0,0,0,0.0,0,0,0,0,0,1.39e-17,0,1.39e-17,0,0,0,0,0,0,0.9476,0,0,0,0,0,0,85.12752,0,0,0,1.73e-18,0,0,0,0,-0.67981,8.168357,2,0.0,0,11.977493
1.097222222,2,0.04513559,1.097222222,-8.33e-17,0.0,2.706431701,15.72715991,6.691,35,9.721013,0.0,0,135.0142702,0.0,0.6237,-8.33e-17,0.0,-0.043811,-8.33e-17,0,0,1,0.0,56.9730789,0.0,0,0.0,0,0,-8.33e-17,0.0,130.151,0,0.244665694,-8.33e-17,0,135.191,0,1.820084524,0.0,0.0,5.558709813,-8.33e-17,0.135406769,70.1752,0,0.0,12.06698,12.13273414,4,0.0,0,0,0,0.0,0,0,0,0,0,-8.33e-17,0,-8.33e-17,0,0,0,0,0,0,0.9476,0,0,0,0,0,0,135.18635,0,0,0,-5.95e-18,0,0,0,0,-0.92243,10.963633,2,4.983978521,0,13.142882
0.9,3,-0.021938522,1.921052632,-0.011203923,1.161,5.479306801,4.747022453,7.591,73,8.228511,0.0,0,276.0972715,0.0,0.6482,-0.021938522,0.0,-0.035831,-0.011203923,0,0,3,0.0,125.0656003,0.0,0,0.0,0,0,-0.011203923,0.0,260.276,0,0.158024362,-0.03361177,0,276.404,0,4.808486408,0.0,0.0,12.00189482,-0.011203923,-0.087754089,173.2158,0,0.0,11.90232,90.99550603,3,12.62878915,0,0,0,0.0,1,0,0,0,0,1.39e-17,0,-0.087754089,0,0,0,0,0,0,0.9159,0,0,0,0,0,0,276.39582,0,0,0,3.85e-19,0,0,0,0,-0.55395,11.245094,1,0.0,0,12.736787
0.0,0,-0.069667363,0.0,0.0,0.0,6.090580375,0.0,7.591,46,7.970661,0.0,0,168.0972715,0.0,0.6482,-0.069667363,0.0,0.012465,0.0,0,0,0,0.0,74.16130326,0.0,0,0.0,0,0,0.0,0.0,152.177,0,0.172470493,0.0,0,168.305,0,5.141897077,0.0,0.0,7.816332281,-0.069667363,-0.069667363,68.5715,4,0.0,11.90754,0.0,0,12.62878915,0,0,0,0.0,1,0,0,0,0,-2.01e-16,0,-0.069667363,0,0,0,0,0,0,0.9159,0,0,0,0,0,0,168.2992,0,0,0,-7.45e-18,0,0,0,0,0.0,9.037909,1,0.0,0,13.369381
1.107142857,1,9.25e-18,1.107142857,0.0,0.6895,2.42925034,0.0,7.591,37,8.677142,0.0,0,143.9800488,0.0,0.6895,0.039960964,0.0,-0.024672,0.0,0,0,1,0.752592593,58.88973601,0.0,0,0.0,1,0,0.0,0.0,139.586,0,0.143425147,0.0,0,144.626,0,1.47641678,5.022633314,0.0,5.784935282,0.084355821,2.78e-17,71.0605,0,0.0,11.98359,11.60093989,5,0.0,0,0,0,0.0,1,0,0,0,0,0.0,0,0.119882892,0,0,0,0,0,0,0.9572,0,0,0,0,0,0,144.62184,0,0,0,0.0,0,0,0,0,-0.49134,13.37769,1,0.0,0,14.564278
1.107142857,1,-8.33e-17,1.107142857,-2.78e-16,0.3805,2.549193338,0.0,7.591,37,8.596751,0.0,0,141.9910922,0.0,0.6482,0.023684992,0.0,-0.019807,-2.78e-16,0,0,1,0.0,59.74153645,0.0,0,0.0,0,0,-2.78e-16,0.0,136.2,0,0.143425557,-2.78e-16,0,142.248,0,1.516397779,0.0,0.0,5.99268265,0.035527487,-2.5e-16,122.8029,0,0.0,11.73196,0.0,5,0.0,0,0,0,0.0,2,0,0,0,0,-2.78e-16,0,0.071054975,0,0,0,0,0,0,0.9159,0,0,0,0,0,0,142.24163,0,0,0,-1.98e-17,0,0,0,0,-0.38179,12.307203,2,0.0,0,14.537963
1.089285714,1,-4.63e-17,1.089285714,-9.71e-17,0.3805,2.552647662,0.0,7.591,37,8.649369,0.0,0,141.9910922,0.0,0.6482,0.023657968,0.0,-0.019436,-9.71e-17,0,0,1,0.0,59.74153645,0.0,0,0.0,0,0,-9.71e-17,0.0,136.2,0,0.143385764,-9.71e-17,0,142.248,0,1.519852103,0.0,0.0,5.99268265,0.035486952,-1.39e-16,90.8719,0,0.0,11.73347,6.066367068,4,0.0,0,0,0,0.0,2,0,0,0,0,-1.53e-16,0,0.070973904,0,0,0,0,0,0,0.9159,0,0,0,0,0,0,142.24163,0,0,0,-1.09e-17,0,0,0,0,-0.38473,11.366591,2,0.0,0,14.269183
1.071428571,1,2.31e-17,1.071428571,8.33e-17,0.3805,2.45232571,0.0,7.591,37,8.718747,0.0,0,141.9910922,0.0,0.6482,0.022901615,0.0,-0.019116,8.33e-17,0,0,1,0.0,59.74153645,0.0,0,0.0,0,0,8.33e-17,0.0,136.2,0,0.142290682,8.33e-17,0,142.248,0,1.488714335,0.0,0.0,5.99268265,0.034352423,6.94e-17,43.4692,0,0.0,11.73248,12.13273414,4,0.0,0,0,0,0.0,2,0,0,0,0,8.33e-17,0,0.068704845,0,0,0,0,0,0,0.9159,0,0,0,0,0,0,142.24163,0,0,0,5.95e-18,0,0,0,0,-0.48468,15.653563,2,0.0,0,14.501425
1.0,1,4.86e-17,1.0,1.25e-16,0.0,1.646135269,5.025959979,7.591,29,8.699802,0.0,0,111.0142702,0.0,0.6482,1.25e-16,0.0,-0.035012,1.25e-16,0,0,1,0.766203704,47.80611776,0.0,0,0.0,0,0,1.25e-16,0.0,106.129,0,0.250222508,1.25e-16,0,111.169,0,1.187936379,0.0,0.0,4.598255459,1.25e-16,9.71e-17,35.342,0,0.0,11.96408,6.066367068,4,0.0,0,0,0,0.0,1,0,0,0,0,6.94e-17,0,1.25e-16,0,0,0,0,0,0,0.9721,0,0,0,0,0,0,111.16487,0,0,0,5.78e-18,0,0,0,0,-0.77157,9.955501,2,0.0,0,12.473503
1.0,1,-2.08e-17,1.0,-5.55e-17,0.0,1.721810265,0.0,7.591,29,8.86085,0.0,0,111.0142702,0.0,0.6482,-5.55e-17,0.0,-0.034551,-5.55e-17,0,0,1,0.0,47.80611776,0.0,0,0.0,0,0,-5.55e-17,0.0,106.129,0,0.264654616,-5.55e-17,0,111.169,0,1.205412485,0.0,0.0,4.598255459,-5.55e-17,-4.16e-17,64.9359,0,0.0,11.99013,0.0,4,0.0,0,0,0,0.0,1,0,0,0,0,-1.11e-16,0,-5.55e-17,0,0,0,0,0,0,0.9721,0,0,0,0,0,0,111.16487,0,0,0,-9.25e-18,0,0,0,0,-0.58047,12.955517,2,0.0,0,14.423264
0.9,1,-0.060802485,1.142857143,-0.051322011,0.556,1.795416612,0.0,7.591,33,8.177306,0.0,0,125.0299202,0.0,0.6482,-0.060802485,0.0,-0.037139,-0.051322011,0,0,1,0.0,54.17105988,0.0,0,0.0,0,0,-0.051322011,0.0,118.14,0,0.260442152,-0.051322011,0,125.196,0,1.479188846,0.0,0.0,5.30536224,-0.051322011,-0.121604969,52.9621,0,0.0,11.95604,6.066367068,3,12.62878915,0,0,0,0.0,1,0,0,0,0,8.33e-17,0,-0.121604969,0,0,0,0,0,0,0.9721,0,0,0,0,0,0,125.19149,0,0,0,5.55e-18,0,0,0,0,-0.7111,13.80667,2,0.0,0,14.733753
0.0,0,-0.077160952,0.0,0.0,0.0,4.170067911,0.0,7.591,57,8.02673,0.0,0,206.1162927,0.0,0.6482,-0.077160952,0.0,0.01652,0.0,0,0,0,0.0,88.33386338,0.0,0,0.0,0,0,0.0,0.0,184.244,0,0.179363901,0.0,0,206.42,0,3.27564072,0.0,0.0,9.754349385,-0.077160952,-0.154321905,529.6783,0,0.0,11.87763,38.52492974,0,25.2575783,0,0,0,0.0,2,0,0,0,0,-2.78e-17,0,-0.154321905,0,0,0,0,0,0,0.9159,0,0,0,0,0,0,206.41163,0,0,0,-8.16e-19,0,0,0,0,0.0,42.623028,2,0.0,0,13.985197
0.0,0,-0.077160952,0.0,0.0,0.0,3.46296113,0.0,7.591,49,8.027367,0.0,0,178.0849926,0.0,0.6482,-0.077160952,0.0,0.016474,0.0,0,0,0,0.0,75.60397916,0.0,0,0.0,0,0,0.0,0.0,160.222,0,0.179363901,0.0,0,178.366,0,2.568533939,0.0,0.0,8.340135822,-0.077160952,-0.154321905,379.8979,0,0.0,11.84117,25.68328649,0,25.2575783,0,0,0,0.0,2,0,0,0,0,-5.55e-17,0,-0.154321905,0,0,0,0,0,0,0.9159,0,0,0,0,0,0,178.3584,0,0,0,-1.98e-18,0,0,0,0,0.0,33.775553,2,0.0,0,14.029267
0.0,0,-0.077160948,0.0,0.0,0.0,2.402300958,0.0,7.591,37,8.035676,0.0,0,136.0380424,0.0,0.6482,-0.077160948,0.0,0.015788,0.0,0,0,0,0.0,56.50915281,0.0,0,0.0,0,0,0.0,0.0,124.189,0,0.179363897,0.0,0,136.285,0,1.507873767,0.0,0.0,6.218815479,-0.077160948,-0.154321897,185.49,0,0.0,11.75424,6.420821623,0,25.2575783,0,0,0,0.0,2,0,0,0,0,1.11e-16,0,-0.154321897,0,0,0,0,0,0,0.9159,0,0,0,0,0,0,136.27854,0,0,0,5.84e-18,0,0,0,0,0.0,19.437454,2,0.0,0,14.192581
0.0,0,-0.077160431,0.0,0.0,0.0,2.048747568,0.0,7.591,33,8.049127,0.0,0,122.0223923,0.0,0.6482,-0.077160431,0.0,0.014627,0.0,0,0,0,0.0,50.1442107,0.0,0,0.0,0,0,0.0,0.0,112.178,0,0.179363387,0.0,0,122.258,0,1.154320377,0.0,0.0,5.511708698,-0.077160431,-0.154320863,153.0647,0,0.0,11.71106,0.0,0,25.2575783,0,0,0,0.0,2,0,0,0,0,-1.67e-16,0,-0.154320863,0,0,0,0,0,0,0.9159,0,0,0,0,0,0,122.25193,0,0,0,-1.04e-17,0,0,0,0,0.0,16.347158,2,0.0,0,14.306475
0.0,0,-0.076279342,0.0,0.0,0.0,1.341640786,0.0,7.591,25,8.158677,0.0,0,93.99109219,0.0,0.6482,-0.076279342,0.0,0.003362,0.0,0,0,0,0.0,37.41432647,0.0,0,0.0,0,0,0.0,0.0,88.156,0,0.178512939,0.0,0,94.204,0,0.447213595,0.0,0.0,4.097495135,-0.076279342,-0.152558684,77.9813,0,0.0,11.58957,0.0,0,25.2575783,0,0,0,0.0,2,0,0,0,0,-8.33e-17,0,-0.152558684,0,0,0,0,0,0,0.9159,0,0,0,0,0,0,94.19869,0,0,0,-8.33e-18,0,0,0,0,0.0,8.248006,2,0.0,0,14.944512
