Fun_LogP_Mean,VSA_EState6,Mid-Fun_PEOE-Charge_Sum,VSA_EState7,AtomWt Conju-All Ratio,Product of sigma^2_tot and nu ((kcal/mol)^2),Conju_LogP_Sum,SlogP_VSA4,Arylchloride,Length/Diameter,NumSaturatedHeterocycles,Atom_MR_Mean,SMR_VSA7,ALIE Average Value,VSA_EState8,EState_VSA10,Alkene,Arylfluoride,SlogP_VSA7,MaxAbsPartialCharge,HOMO-LUMO Gap,Sulfonic_derivative,Mid-Fun_PEOE-Charge_Mean,PEOE_VSA12,EState_VSA5,PEOE_VSA4,Mid-Fun_PEOE-Charge_Max,Conju_MR_Std,SMR_VSA9,c1ccc2sc_n+_c2c1,PEOE_VSA11,Mid-Fun_MR_Std,NumSaturatedRings,Secondary_arom_amine,ALIE Maximal Value,ALIE Minimal Value,SlogP_VSA10,Kappa2,NumAliphaticCarbocycles,Conju_PEOE-Charge_Std,Atom_PEOE-Charge_Mean,Alkylfluoride,Thioacetal,c1ccc2scnc2c1,PEOE_VSA13,SlogP_VSA6,NumSaturatedCarbocycles,Atom_PEOE-Charge_Sum,c1nc_nH_n1,Trifluoromethyl,c1c_nH_cn1,c1cc_nH_c1,c1ccc2_nH_ccc2c1,c1ccc2cc3ccccc3cc2c1,Conju_PEOE-Charge_Delta,c1cn_nH_c1,c1cc2ccc(ccnccc3ccc(ccn1)_nH_3)_nH_2,c1nnn_nH_1,Mid-Fun_LogP_Std,Atom_PEOE-Charge_Delta,Alcohol,c1ccc2ncccc2c1,Dipole Moment (a.u.),ESP Maximal Value,NumAliphaticHeterocycles,EState_VSA1
0.077133333,3.118888889,0.743654984,0.0,0.636013365,207.01538,0.6122,0.0,0,0.969130198,0,2.452727778,17.00988133,12.68366,1.443818027,4.794537184,0,0,0.0,0.498581872,0.174695,0,0.247884995,0.0,12.99010427,0.0,0.497041518,0.0,0.0,0,5.783244946,2.59747481,0,0,17.17079,9.85838,0.0,3.169016281,0,0.0,9.25e-18,0,0,0,0.0,12.13273414,0,1.67e-16,0,0,0,0,0,0,0.0,0,0,0,0.155907009,0.921207337,0,0,0.337139,150.89547,0,7.118392334
1.2553,4.027199074,-4.16e-17,0.0,0.981452291,2.82346,2.5106,0.0,0,0.996192289,0,3.557666667,21.29921213,11.6596,0.0,0.0,0,0,0.0,0.136847148,0.20826,0,-4.16e-17,0.0,3.786415218,0.0,-4.16e-17,0.0,0.0,0,0.0,0.0,0,0,15.45636,9.73413,0.0,1.755631784,0,0.0,-4.63e-18,0,0,0,0.0,21.29921213,0,-4.16e-17,0,0,0,0,0,0,0.0,0,0,0,0.0,0.210855974,0,0,0.92845,82.36376,0,0.0
-0.02085,0.0,-0.187916308,0.0,0.477740748,243.04331,-0.4222,0.0,0,1.064686857,0,2.387644444,0.0,12.81984,0.0,4.794537184,0,0,0.0,0.480629757,0.250731,0,-0.093958154,0.0,0.0,12.62878915,-0.064734442,0.0,0.0,0,0.0,0.6751,0,0,18.01576,8.76834,0.0,2.081780105,0,0.0,3.08e-18,0,0,0,0.0,0.0,0,2.78e-17,0,0,0,0,0,0,0.0,0,0,0,0.40135,0.793296111,0,0,1.649208,133.71732,0,5.969305288
0.150666667,0.0,-0.454553854,0.259400983,0.418583195,287.42311,-0.8444,0.0,0,0.998691742,0,2.246436364,0.0,12.73145,0.0,9.589074368,0,0,0.0,0.481208096,0.205044,0,-0.151517951,0.0,21.58779595,0.0,-0.133720011,0.0,0.0,0,0.0,3.557312795,0,0,17.87384,8.50923,0.0,7.297762662,0,0.0,-1.01e-17,0,0,0,0.0,0.0,0,-2.22e-16,0,0,0,0,0,0,0.0,0,0,0,0.810155809,0.784901057,0,0,3.472948,174.27867,0,11.93861058
0.6792,0.0,-0.038578509,3.793981481,0.42065264,70.4014,1.3584,0.0,0,1.0,0,2.218764706,25.30991158,11.8634,7.154722222,0.0,2,0,0.0,0.153720184,0.21088,0,-0.019289255,0.0,0.0,11.76188495,-0.019289255,0.0,0.0,0,0.0,0.0,0,0,15.15203,7.85309,0.0,5.83,0,1.04e-17,4.08e-19,0,0,0,0.0,25.30991158,0,6.94e-18,0,0,0,0,0,0,2.08e-17,0,0,0,0.0,0.211582501,0,0,1.01403,64.188,0,0.0
0.42065,0.0,-1.67e-16,0.0,0.976583553,242.17351,0.8413,0.0,0,0.959053794,0,2.643027273,16.58453004,12.87434,0.0,4.794537184,0,0,0.0,0.476487466,0.211919,0,-1.67e-16,0.0,22.22738792,0.0,-1.67e-16,0.0,0.0,0,5.693927995,0.0,0,0,17.87007,9.8263,0.0,1.915964256,0,0.0,-1.51e-17,0,0,0,0.0,10.89060204,0,-1.67e-16,0,0,0,0,0,0,0.0,0,0,0,0.0,0.83133347,0,0,2.716265,129.49867,0,5.969305288
0.554566667,9.454401927,0.502447383,0.0,0.967097962,255.24387,3.3274,0.0,0,0.995581237,0,2.676686667,47.52510539,12.57308,0.0,9.589074368,0,0,0.0,0.477610053,0.155697,0,0.08374123,0.0,12.13273414,0.0,0.125611846,0.0,11.12690298,0,0.0,14.96412527,0,0,18.10909,8.72226,0.0,5.601002265,0,0.0,-6.94e-18,0,0,0,0.0,46.18916936,0,-2.08e-16,0,0,0,0,0,0,0.0,0,0,0,0.763692946,0.813912812,0,0,2.741187,172.01818,0,11.93861058
0.552725,5.185432099,0.40581713,0.0,0.962114996,71.63979,2.2109,0.0,1,1.02759267,0,2.874426667,23.22173452,12.06114,0.0,0.0,0,0,5.022633314,0.397786573,0.189592,0,0.101454282,0.0,0.0,0.0,0.169546944,0.0,0.0,0,0.0,5.864961866,0,0,16.86975,8.61941,5.687386275,2.499079817,0,0.0,-6.48e-18,0,0,0,0.0,23.09458468,0,-9.71e-17,0,0,0,0,0,0,0.0,0,0,0,0.494598944,0.554050259,0,0,1.124703,117.17831,0,0.0
0.557833333,6.327839506,0.127761419,0.0,0.960775666,328.61431,1.6735,0.0,0,1.008188536,0,2.54083125,29.82891977,12.49065,0.0,4.794537184,0,0,0.0,0.477639243,0.17722,0,0.04258714,0.0,12.13273414,0.0,0.092233376,0.0,0.0,0,0.0,3.996655866,0,0,17.9087,8.82083,0.0,2.748833236,0,0.0,-6.94e-18,0,0,0,0.0,29.16095175,0,-1.11e-16,0,0,0,0,0,0,0.0,0,0,0,0.225565704,0.812801407,0,0,2.844517,164.11116,0,5.969305288
0.33676,12.18733434,0.17258213,0.0,0.822421438,432.51002,2.3516,0.0,0,1.016940789,0,2.315882759,48.53093655,12.5434,0.0,8.417796984,0,0,0.0,0.398727729,0.171432,0,0.034516426,9.837253136,24.26546827,0.0,0.17258213,0.0,0.0,0,0.0,10.42369025,0,0,17.04512,9.00722,11.37477255,4.101809822,0,0.0,-7.66e-18,0,0,0,0.0,58.3219035,0,-2.22e-16,0,0,0,0,0,0,0.0,0,0,0,0.868966177,0.604807057,0,0,5.686859,125.57401,0,9.837253136
0.6585,3.908287037,-0.102577104,3.569382716,0.591568421,173.81154,0.9365,0.0,0,0.999353448,0,2.4618,30.08987277,11.96444,0.0,0.0,0,0,0.0,0.26441694,0.20708,0,-0.051288552,0.0,0.0,12.62878915,-0.030644618,0.0,0.0,0,0.0,7.1765,0,0,15.86225,8.20193,0.0,2.721453287,0,0.0,4.63e-18,0,0,0,0.0,24.52642128,0,6.94e-17,0,0,0,0,0,0,0.0,0,0,0,0.278,0.367016443,0,0,0.842408,74.67734,0,0.0
0.585022222,6.150634248,0.300720857,2.567820462,0.973847052,287.89057,2.6724,0.0,0,0.998245368,0,2.646664286,47.7860584,12.70287,0.0,9.589074368,0,0,0.0,0.477598624,0.177058,0,0.042960122,0.0,46.11421723,0.0,0.181087127,0.0,0.0,0,0.0,9.442556419,0,0,18.06276,9.22054,0.0,6.396613298,0,0.0,-6.94e-18,0,0,0,0.0,46.71107537,0,-1.94e-16,0,0,0,0,0,0,0.0,0,0,0,0.77274015,0.814342807,0,0,2.869399,175.65517,0,11.93861058
0.766133333,12.58333176,1.722362822,0.0,0.973847052,128.7404,4.3024,20.22863654,0,0.935545385,0,2.782385714,68.75957309,12.71757,0.0,20.22863654,0,0,0.0,0.28324563,0.137686,0,0.246051832,0.0,12.13273414,0.0,0.906227996,0.0,0.0,0,0.0,10.39703959,0,0,17.63128,9.0124,11.37477255,6.396613298,0,0.0,5.45e-18,0,0,0,11.37477255,58.3219035,0,1.53e-16,0,0,0,0,0,0,0.0,0,0,0,1.049152762,0.541489049,0,0,2.143097,86.08595,0,9.846622098
0.858466667,7.703518519,-0.102521907,0.0,0.67769913,72.58316,2.1949,0.0,1,0.997228145,0,2.758875,34.85155308,11.97781,0.0,0.0,0,0,5.022633314,0.174496838,0.212903,0,-0.051260954,0.0,0.0,12.62878915,-0.030586193,0.0,0.0,0,0.0,10.784,0,0,15.61639,8.22642,0.0,3.136253269,0,0.0,1.73e-18,0,0,0,0.0,24.26546827,0,2.78e-17,0,0,0,0,0,0,0.0,0,0,0,0.9072,0.277088728,0,0,1.282688,73.35143,0,0.0
0.693688889,15.63475466,0.240512771,0.0,0.951299642,100.73618,3.6504,0.0,0,0.947184362,0,2.622242857,48.53093655,11.95369,0.0,0.0,0,0,0.0,0.397796927,0.135477,0,0.034358967,0.0,0.0,0.0,0.17056535,0.0,0.0,0,0.0,10.90432254,0,0,16.55409,8.60425,11.37477255,5.184514395,0,0.0,1.98e-18,0,0,0,0.0,58.3219035,0,5.55e-17,0,0,0,0,0,0,0.0,0,0,0,1.169735452,0.554060444,0,0,2.380299,110.32979,0,0.0
0.961,10.17067901,-0.100934235,0.0,0.580204174,57.73298,1.5415,0.0,0,0.999358014,0,2.44575,35.89528683,11.83525,0.0,0.0,0,0,0.0,0.174553041,0.216317,0,-0.050467117,0.0,5.563451492,12.62878915,-0.028941286,0.0,0.0,0,0.0,8.279,0,0,15.50874,8.14199,0.0,2.775326714,0,0.0,-2.17e-18,0,0,0,0.0,30.33183534,0,-3.47e-17,0,0,0,0,0,0,0.0,0,0,0,0.5805,0.277144225,0,0,0.899749,67.69516,0,0.0
0.8398,16.86175926,-0.231007083,0.0,0.807226597,205.34698,3.1872,0.0,0,1.0,0,2.333432,60.66367068,12.52871,0.0,8.417796984,0,0,0.0,0.218514326,0.207497,0,-0.077002361,9.837253136,0.0,0.0,-2.78e-17,0.0,0.0,0,0.0,11.6474629,0,0,16.45749,10.47465,0.0,3.86619988,0,0.0,-4.44e-18,0,0,0,0.0,70.45463764,0,-1.11e-16,0,0,0,0,0,0,0.0,0,0,0,0.75179593,0.424606782,0,0,3.392463,81.87748,0,9.837253136
1.011257143,20.83379063,-0.105123662,0.0,0.953834739,54.4364,4.486,0.0,0,0.95890411,0,2.691583333,60.66367068,11.83529,0.0,0.0,0,0,0.0,0.062188378,0.16516,0,-0.035041221,0.0,9.790966951,0.0,1.87e-16,0.0,0.0,0,0.0,11.6474629,0,0,15.51499,8.60768,0.0,5.128229271,0,0.0,5.78e-18,0,0,0,0.0,70.45463764,0,1.39e-16,0,0,0,0,0,0,0.0,0,0,0,0.75179593,0.125688666,0,0,1.880789,68.62776,0,0.0
0.93448,7.768321523,0.519844731,0.0,0.635298152,338.66694,1.079,0.0,0,0.976960692,0,2.257081818,29.77600755,12.14099,0.031759259,4.794537184,0,0,0.0,1.0,0.128838,0,0.259922365,17.5719964,0.0,4.567099648,0.574892792,14.8911,0.0,1,0.0,14.8911,0,0,18.22359,6.92342,0.0,4.522952948,0,0.314970426,-5.05e-18,0,0,0,0.0,29.77600755,0,-1.11e-16,0,0,0,0,0,0,0.629940853,0,0,0,0.9617,1.369775895,0,0,4.202339,185.59662,0,5.969305288
0.8384,7.995462963,-0.10488972,7.204135802,0.963399025,176.27481,3.276,0.0,0,0.987167225,0,2.735818182,49.05284256,12.09492,0.0,0.0,0,0,0.0,0.264653288,0.195128,0,-0.03496324,0.0,9.790966951,0.0,-9.71e-17,0.0,0.0,0,0.0,10.60801593,0,0,16.03348,8.70364,0.0,5.024221453,0,0.0,6.31e-19,0,0,0,0.0,58.84380951,0,1.39e-17,0,0,0,0,0,0,0.0,0,0,0,0.466596195,0.348712869,0,0,0.765523,82.14325,0,0.0
0.5904,3.66837963,-0.168688475,0.150462963,0.872984055,236.47137,1.1808,0.0,0,0.992861642,0,2.377253333,22.3899441,12.59235,0.0,4.794537184,0,0,0.0,0.480964593,0.214845,0,-0.084344237,0.0,11.33678588,0.0,-0.040070805,7.8926,0.0,0,0.0,7.8926,0,0,17.88276,9.58698,0.0,2.639049753,0,0.044273433,-1.3e-17,0,0,0,0.0,17.51279691,0,-1.94e-16,0,0,0,0,0,0,0.088546866,0,0,0,1.0126,0.78910254,0,0,2.595487,137.89754,0,5.969305288
0.3805,0.0,-0.073428046,6.963904321,0.0,55.69266,0.0,0.0,0,1.044778139,0,1.887315789,0.0,11.90012,0.0,0.0,0,0,0.0,0.175930136,0.259607,0,-0.073428046,0.0,32.10410811,12.62878915,-0.073428046,0.0,0.0,0,0.0,0.0,1,0,15.93071,8.00382,0.0,2.606803758,1,0.0,1.83e-18,0,0,0,0.0,0.0,1,3.47e-17,0,0,0,0,0,0,0.0,0,0,0,0.0,0.278465967,0,0,1.10692,67.95572,0,0.0
-0.0684,0.0,-0.532001686,0.0,0.0,191.18368,0.0,0.0,0,0.947684391,1,2.00464,0.0,13.32996,0.929783951,4.208898492,0,0,0.0,0.304265896,0.267324,0,-0.266000843,0.0,0.0,4.208898492,-0.266000843,0.0,0.0,0,0.0,0.0,1,0,16.52853,11.25541,0.0,1.680188277,0,0.0,2.78e-17,0,0,0,0.0,0.0,0,2.78e-16,0,0,0,0,0,0,0.0,0,0,0,0.0,0.570244609,0,0,2.225224,88.8234,1,11.36131649
1.5415,10.80927697,-0.013187509,1.373677485,0.367046959,62.40493,1.5415,0.0,0,0.995816289,1,2.4465,35.89528683,11.85953,0.0,0.0,0,0,0.0,0.142719014,0.198758,0,-0.013187509,0.0,23.48998033,0.0,-0.013187509,0.0,0.0,0,0.0,0.0,1,0,15.77723,7.99948,0.0,4.239941416,0,0.0,-2.31e-18,0,1,0,0.0,30.33183534,0,-5.55e-17,0,0,0,0,0,0,0.0,0,0,0,0.0,0.21780229,0,0,1.30298,75.62883,1,0.0
1.2964,0.0,-0.175297376,0.0,0.0,52.40699,0.0,0.0,0,0.991926503,0,1.953142857,0.0,11.87926,13.47861111,0.0,0,0,0.0,0.087633231,0.202561,0,-0.175297376,0.0,0.0,0.0,-0.175297376,0.0,0.0,0,0.0,0.0,0,0,15.13757,8.1674,0.0,3.397625989,0,0.0,7.43e-19,0,0,0,0.0,0.0,0,2.08e-17,0,0,0,0,0,0,0.0,0,0,0,0.0,0.112110876,0,0,1.262125,57.22721,0,0.0
0.3805,0.0,-0.069697112,0.0,0.0,60.46452,0.0,16.74788698,0,1.035255162,0,1.678589744,0.0,11.94662,18.32766975,0.0,0,0,0.0,0.172499827,0.247611,0,-0.069697112,0.0,0.0,12.62878915,-0.069697112,0.0,0.0,0,0.0,0.0,0,0,14.7736,7.83618,0.0,3.490301323,0,0.0,-6.05e-18,0,0,0,0.0,0.0,0,-2.36e-16,0,0,0,0,0,0,0.0,0,0,0,0.0,0.275335067,0,0,1.100801,65.53282,0,0.0
0.0,0.0,0.0,0.0,0.562893691,134.158,-0.2207,5.917906046,0,1.01504065,0,2.108226667,0.0,11.94114,3.949074074,0.0,0,0,0.0,0.393106796,0.18412800000000001,0,0.0,0.0,0.0,0.0,0.0,0.0,0.0,0,0.0,0.0,0,0,17.52551,7.38898,0.0,2.13293427,0,0.0,0.0,0,0,0,0.0,0.0,0,0.0,0,0,0,0,0,0,0.0,0,0,0,0.0,0.549840618,0,0,2.856241,145.66065,0,0.0
0.0,0.0,0.0,0.0,0.773064842,142.46542,-0.2207,0.0,0,1.034051859,0,2.495488889,0.0,11.82765,1.675925926,0.0,0,0,0.0,0.39355196,0.186019,0,0.0,0.0,0.0,0.0,0.0,0.0,0.0,0,0.0,0.0,0,0,17.58893,7.40304,0.0,1.236020761,0,0.0,-3.39e-17,0,0,0,0.0,0.0,0,-3.05e-16,0,0,0,0,0,0,0.0,0,0,0,0.0,0.550266357,0,0,2.870367,147.48814,0,0.0
0.3805,0.0,-0.145098471,0.0,0.0,72.74298,0.0,0.0,0,0.964937814,0,2.306,0.0,11.67136,4.057098765,0.0,0,0,0.0,0.175082201,0.244101,0,-0.072549236,0.0,0.0,25.2575783,-0.072549236,0.0,0.0,0,0.0,0.0,0,0,15.35504,8.04973,0.0,2.804923145,0,0.0,-7.59e-18,0,0,0,0.0,0.0,0,-1.21e-16,0,0,0,0,0,0,0.0,0,0,0,0.0,0.277647251,0,0,1.823043,70.79679,0,0.0
0.9698,17.27470165,-0.281641578,0.0,0.84523539,57.51916,4.1958,13.8474744,0,0.998677467,0,2.469066667,59.65783953,11.87495,4.225321622,0.0,0,0,0.0,0.058182115,0.162863,0,-0.093880526,0.0,20.91786993,0.0,-0.088259299,0.0,0.0,0,0.0,11.22414164,0,0,15.41951,8.5447,0.0,5.462987087,0,0.0,-9.25e-19,0,0,0,0.0,58.3219035,0,-2.78e-17,0,0,0,0,0,0,0.0,0,0,0,0.683395134,0.121691025,0,0,2.333299,65.83676,0,0.0
0.09445,6.397638889,-0.044129705,0.0,0.608178903,243.53241,1.4473,6.9237372,0,0.974329936,0,2.12761,29.82891977,12.74434,1.8818613,8.417796984,0,0,0.0,0.237545435,0.220997,1,-0.044129705,10.02329115,12.13273414,0.0,-0.044129705,0.0,0.0,0,0.0,0.0,0,0,17.60573,9.6559,0.0,2.636173638,0,0.0,2.78e-18,0,0,0,0.0,29.16095175,0,5.55e-17,0,0,0,0,0,0,0.0,0,0,0,0.0,0.462144652,0,0,2.88186,127.97348,0,10.02329115
-0.087033333,0.0,-0.305812528,0.746527778,0.573328864,175.52729,0.8529,6.9237372,0,0.979806848,0,2.091155556,16.08161446,12.31246,2.185046296,0.0,0,0,0.0,0.395999148,0.210734,0,-0.152906264,0.0,4.877147194,0.0,-0.119855567,0.0,0.0,0,0.0,9.0496,0,0,16.50208,8.95594,0.0,2.939142785,0,0.0,1.39e-17,0,0,0,0.0,5.510539274,0,2.5e-16,0,0,0,0,0,0,0.0,0,0,0,0.70495,0.606083445,1,0,0.94771,116.34165,0,0.0
1.18275,4.147569444,-0.056214879,0.0,0.903702574,4.809,2.3655,6.9237372,0,0.993421053,0,3.063,20.79629655,11.72883,2.092685185,0.0,0,0,0.0,0.133632984,0.202057,0,-0.056214879,0.0,8.663562412,0.0,-0.056214879,0.0,0.0,0,0.0,0.0,0,0,15.79,9.60617,0.0,1.967716975,0,0.0,-6.94e-18,0,0,0,0.0,15.91914935,0,-8.33e-17,0,0,0,0,0,0,0.0,0,0,0,0.0,0.203714691,0,0,1.202415,70.66312,0,0.0
-0.0124,0.0,-0.081141357,0.0,0.851937722,280.30318,-0.0248,6.9237372,0,0.998744292,0,2.421533333,5.007623697,12.37607,1.869074074,0.0,0,0,0.0,0.373673649,0.212061,0,-0.081141357,5.13155848,11.33678588,0.0,-0.081141357,0.0,0.0,0,0.0,0.0,0,0,17.32477,9.01385,5.13155848,1.457891532,0,0.0,-9.25e-18,0,0,0,0.0,0.0,0,-1.11e-16,0,0,0,0,0,0,0.0,0,0,0,0.0,0.576212598,0,0,1.949446,130.04828,0,0.0
0.3805,0.0,-0.077160952,23.11900285,0.0,48.94546,0.0,0.0,0,0.999742704,0,1.638578947,0.0,12.01615,2.292060923,0.0,0,0,0.0,0.179363901,0.256136,0,-0.077160952,0.0,102.733146,12.62878915,-0.077160952,0.0,0.0,0,0.0,0.0,0,0,14.81849,8.03704,0.0,18.35,0,0.0,2.68e-18,0,0,0,0.0,0.0,0,1.53e-16,0,0,0,0,0,0,0.0,0,0,0,0.0,0.281601845,0,0,1.018537,67.26155,0,0.0
0.3805,0.0,-0.077160952,8.266319051,0.0,52.94297,0.0,0.0,0,0.999445215,0,1.749222222,0.0,11.95077,2.248621863,0.0,0,0,0.0,0.179363901,0.25615,0,-0.077160952,0.0,38.52492974,12.62878915,-0.077160952,0.0,0.0,0,0.0,0.0,0,0,14.84478,8.03745,0.0,8.35,0,0.0,3.08e-18,0,0,0,0.0,0.0,0,8.33e-17,0,0,0,0,0,0,0.0,0,0,0,0.0,0.281601845,0,0,1.018364,67.35189,0,0.0
0.604585714,9.0420337,-0.130646108,0.0,0.800919351,241.31086,2.8205,0.0,0,0.996620398,0,2.3449125,62.63898737,12.44106,5.903674016,9.589074368,0,0,0.0,0.422110085,0.121224,0,-0.021774351,5.783244946,11.33678588,11.33678588,0.337856354,0.0,0.0,0,0.0,11.47951301,0,0,17.06511,9.62038,5.687386275,6.380383153,0,0.0,1.11e-17,0,0,0,0.0,50.303649,0,4.44e-16,0,0,0,0,0,0,0.0,0,0,0,0.656957553,0.76919563,0,0,5.419125,87.25031,0,5.625586319
0.3805,0.0,-0.077459777,0.0,0.0,59.73737,0.0,0.0,0,1.066687638,0,2.169666667,0.0,11.74784,1.989197531,0.0,0,0,0.0,0.17965217,0.256981,0,-0.077459777,0.0,0.0,12.62878915,-0.077459777,0.0,0.0,0,0.0,0.0,0,0,14.42308,8.05728,0.0,2.35,0,0.0,0.0,0,0,0,0.0,0.0,0,0.0,0,0,0,0,0,0,0.0,0,0,0,0.0,0.281880103,0,0,0.970529,68.45208,0,0.0
0.90964,14.19562357,0.30491267,0.0,0.965497619,29.92631,4.5482,0.0,1,0.994964363,0,2.839117391,47.48720279,12.07849,0.0,0.0,0,0,5.022633314,0.35363447,0.166779,0,0.060982534,0.0,9.790966951,0.0,0.271320628,0.0,0.0,0,0.0,9.734520093,0,1,17.36563,8.53167,11.37477255,3.472455621,0,0.0,4.83e-18,0,0,0,0.0,52.25553643,0,1.11e-16,0,0,0,0,0,0,0.0,0,0,0,0.711685845,0.520233355,0,0,1.24899,132.02791,1,0.0
0.9384,17.03203704,-0.450199861,0.0,0.891709055,27.71403,3.7536,0.0,0,0.987849231,0,2.502692308,48.53093655,11.99847,0.0,0.0,0,0,0.0,0.342776791,0.150798,0,-0.112549965,0.0,21.1657395,0.0,0.192720626,0.0,0.0,0,0.0,9.728907454,0,0,16.77773,8.55454,11.37477255,3.31405827,0,0.0,1.6e-18,0,0,0,0.0,58.3219035,0,4.16e-17,0,0,0,0,0,0,0.0,0,0,0,0.922230091,0.407315936,0,0,1.413446,80.33234,1,0.0
-0.3187,0.0,-0.350613786,0.0,0.620471817,171.01027,-0.4442,0.0,0,0.98190747,1,2.21538,0.0,11.97242,2.063657407,0.0,0,0,0.0,0.360795474,0.211503,0,-0.350613786,0.0,0.0,0.0,-0.350613786,0.0,0.0,0,5.112436885,0.0,1,0,16.933,7.37876,0.0,1.657365899,0,0.0,1.3e-17,0,0,0,0.0,0.0,0,1.94e-16,0,0,0,0,0,0,0.0,0,0,0,0.0,0.529067134,0,0,3.358157,113.70535,1,0.0
0.3805,0.0,-0.080898635,1.694444444,0.0,62.5381,0.0,0.0,0,0.932064268,0,2.485,0.0,11.63373,0.0,0.0,0,0,0.0,0.182803759,0.257057,0,-0.080898635,0.0,0.0,12.62878915,-0.080898635,0.0,0.0,0,0.0,0.0,0,0,14.11076,8.09607,0.0,1.35,0,0.0,1.16e-17,0,0,0,0.0,0.0,0,6.94e-17,0,0,0,0,0,0,0.0,0,0,0,0.0,0.284745166,0,0,0.894149,70.02082,0,0.0
0.64735,6.810092593,-0.05006415,1.954140684,0.8806601,313.84863,1.9412,0.0,0,0.981731602,0,2.378015789,29.82891977,12.47727,0.0,4.794537184,0,0,0.0,0.477639243,0.166071,0,-0.01668805,0.0,0.0,0.0,0.038978834,0.0,0.0,0,0.0,3.642821861,0,0,17.89902,8.56562,0.0,3.436571192,0,0.0,-4.38e-18,0,0,0,0.0,29.16095175,0,-8.33e-17,0,0,0,0,0,0,0.0,0,0,0,0.34842218,0.81280141,0,0,2.560256,161.24597,0,5.969305288
0.6492,7.150462963,0.072575855,2.00633031,0.856818846,120.03629,1.9486,0.0,0,0.990596814,0,2.346341176,24.26546827,12.13645,0.0,0.0,0,0,0.0,0.507965608,0.215256,0,0.024191952,0.0,4.895483476,0.0,0.124239089,0.0,5.749511833,0,0.0,3.186898305,0,0,17.56468,7.95888,0.0,2.780922204,0,0.0,-4.08e-18,0,0,0,0.0,29.16095175,0,-6.94e-17,0,0,0,0,0,0,0.0,0,0,0,0.492490189,0.801091593,0,0,1.367192,151.38607,0,0.0
0.459906667,0.0,-2.042467986,-9.651574857,0.0,24.9695,0.0,0.0,0,1.038928422,0,1.824444444,0.0,15.42629,0.0,57.07539562,0,0,0.0,0.459647294,0.243002,0,-0.170205665,0.0,0.0,69.70418477,-0.034531451,0.0,0.0,0,0.0,2.463550525,0,0,19.41306,8.25931,57.07539562,5.510636095,0,0.0,-2.11e-17,13,0,0,0.0,0.0,0,-5.69e-16,0,1,0,0,0,0,0.0,0,0,0,0.176922904,0.659257523,0,0,0.681383,103.13391,0,47.96261959
0.42195,0.129351852,3.365105676,0.0,0.988931652,12.81836,2.5317,23.26888336,0,1.025814894,0,2.578923077,29.33525043,13.96255,0.0,17.56166019,0,4,0.0,0.203605245,0.21197,0,0.560850946,0.0,0.0,0.0,0.812099377,0.0,0.0,0,23.26888336,4.927357191,0,0,17.92059,9.04886,17.56166019,2.730925196,0,0.0,1.07e-17,0,0,0,0.0,10.96185054,0,1.39e-16,0,0,0,0,0,0,0.0,0,0,0,0.614731871,0.378413571,0,0,0.561915,89.87185,0,28.16436684
0.30295,13.00765779,0.123619792,0.0,0.660434379,163.33437,3.1848,0.0,0,0.971485706,0,2.340086667,60.66367068,13.19234,0.0,21.31686708,0,0,0.0,0.283110933,0.200509,2,0.030904948,0.0,36.39820241,0.0,0.092845811,0.0,0.0,0,0.0,4.4599,0,0,18.13737,10.65939,4.481273115,5.312080972,0,0.0,-7.4e-18,0,0,0,20.04658231,70.45463764,0,-2.22e-16,0,0,0,0,0,0,0.0,0,0,0,0.3351,0.486592534,0,0,2.896528,87.6446,0,33.77019565
-0.4633,-2.150671899,-0.743941758,-0.234962233,0.559831841,286.45076,-2.697,0.0,0,0.972792675,0,1.926335135,0.0,12.9796,-0.566597345,19.17814874,0,0,0.0,0.480086286,0.233439,0,-0.148788352,11.81435946,0.0,12.62878915,-0.074360498,0.25345,0.0,0,0.0,0.493808882,0,0,18.02134,8.25005,0.0,9.150713742,0,0.055193391,9e-18,0,0,0,0.0,0.0,0,3.33e-16,0,0,0,0,0,0,0.12310979,0,0,0,0.478354442,0.802538907,0,0,4.20954,177.75551,0,42.3814081
-0.02085,-0.816358025,-0.188349935,0.0,0.363227441,275.05842,-0.4222,0.0,0,1.041266322,0,2.104585714,0.0,12.66072,0.0,4.794537184,0,0,0.0,0.480063884,0.23901,0,-0.094174967,0.0,0.0,12.62878915,-0.074838414,0.0,0.0,0,0.0,0.6751,0,0,17.35852,8.23662,0.0,2.872924705,0,0.0,-2.78e-17,0,0,0,0.0,0.0,0,-3.89e-16,0,0,0,0,0,0,0.0,0,0,0,0.40135,0.800868032,0,0,2.108018,116.23969,0,12.01114612
0.150666667,-1.845273054,-0.410630467,0.0,0.366274666,251.62771,-0.8444,0.0,0,0.999061914,0,2.159169231,0.0,12.80582,0.0,9.589074368,0,0,0.0,0.480063385,0.203692,0,-0.136876822,0.0,21.58779595,0.0,-0.113467355,0.0,0.0,0,0.0,3.557312795,0,0,17.36806,8.54959,0.0,6.932440045,0,0.0,-1.71e-17,0,0,0,0.0,0.0,0,-4.44e-16,0,0,0,0,0,0,0.0,0,0,0,0.810155809,0.800910381,0,0,1.012682,122.73003,0,24.02229223
0.150666667,-1.845273054,-0.410630467,0.0,0.366274666,295.12836,-0.8444,0.0,0,0.998576175,0,2.159169231,0.0,12.77527,0.0,9.589074368,0,0,0.0,0.480063385,0.204295,0,-0.136876822,0.0,21.58779595,0.0,-0.113467355,0.0,0.0,0,0.0,3.557312795,0,0,17.43641,8.47873,0.0,6.932440045,0,0.0,-1.71e-17,0,0,0,0.0,0.0,0,-4.44e-16,0,0,0,0,0,0,0.0,0,0,0,0.810155809,0.800910381,0,0,4.482283,134.59399,0,24.02229223
0.150666667,-1.845273054,-0.410630467,0.0,0.366274666,266.33469,-0.8444,0.0,0,1.027927048,0,2.159169231,0.0,12.79773,0.0,9.589074368,0,0,0.0,0.480063385,0.204469,0,-0.136876822,0.0,21.58779595,0.0,-0.113467355,0.0,0.0,0,0.0,3.557312795,0,0,17.37273,8.58085,0.0,6.932440045,0,0.0,-1.71e-17,0,0,0,0.0,0.0,0,-4.44e-16,0,0,0,0,0,0,0.0,0,0,0,0.810155809,0.800910381,0,0,4.252267,122.91148,0,24.02229223
0.0,0.0,0.0,0.0,0.947033787,192.10503,-0.8113,0.0,0,1.0,0,2.6216,0.0,11.95319,0.0,0.0,0,0,0.0,0.376505715,0.2216,0,0.0,0.0,0.0,0.0,0.0,0.0,0.0,0,5.112436885,0.0,0,0,18.2313,7.33092,0.0,1.061747212,0,0.0,2.78e-17,0,0,0,0.0,0.0,0,2.22e-16,0,0,0,0,0,0,0.0,0,0,0,0.0,0.536974713,0,0,3.333804,147.46463,0,0.0
1.1252,5.927708333,0.108697868,0.0,0.978001065,150.00481,2.641,0.0,0,0.994115611,0,3.233275,22.67182072,11.99027,0.0,0.0,0,0,0.0,0.375083341,0.190817,0,0.036232623,0.0,11.33678588,0.0,0.057905355,0.0,0.0,0,5.13155848,3.64697622,0,0,17.50528,9.12512,5.13155848,2.46054667,0,0.0,3.47e-18,0,0,1,0.0,22.67182072,0,5.55e-17,0,0,0,0,0,0,0.0,0,0,0,0.592459559,0.555696546,0,0,2.10481,136.02535,0,0.0
0.96092,4.432916667,0.26488445,0.0,0.970034959,160.32082,2.0176,5.817220841,0,0.991419951,0,2.7494,24.01632205,12.63802,0.0,4.390415048,0,1,0.0,0.375083335,0.194841,0,0.088294817,0.0,23.46952001,0.0,0.206979101,0.0,0.0,0,5.13155848,2.030178457,0,0,17.44282,9.09165,9.521973528,2.165579023,0,0.0,0.0,0,0,1,0.0,18.19910121,0,0.0,0,0,0,0,0,0,0.0,0,0,0,0.418043517,0.555697564,0,0,1.823221,133.10792,0,0.0
0.3805,0.0,-0.075792075,0.0,0.0,157.37721,0.0,0.0,0,1.073351648,0,2.082490909,0.0,11.86188,0.683641975,0.0,0,0,0.0,0.329661156,0.258099,0,-0.075792075,0.0,0.0,12.62878915,-0.075792075,0.0,0.0,0,0.0,0.0,0,0,15.888,7.72643,0.0,3.31,0,0.0,2.52e-18,0,0,0,0.0,0.0,0,2.78e-17,0,0,0,0,0,0,0.0,0,0,0,0.0,0.448083483,0,0,1.017452,90.16454,0,0.0
1.2964,0.0,-0.185608524,0.0,0.0,172.01968,0.0,0.0,0,0.999751367,0,2.15124,0.0,11.9396,1.532218443,0.0,0,0,0.0,0.329620494,0.200923,0,-0.185608524,0.0,0.0,0.0,-0.185608524,0.0,0.0,0,0.0,0.0,0,0,15.81404,7.75494,0.0,7.62,0,0.0,0.0,0,0,0,0.0,0.0,0,0.0,0,0,0,0,0,0,0.0,0,0,0,0.0,0.44804344,0,0,1.32531,91.01931,0,0.0
1.013533333,7.496481481,-0.07446798,0.0,0.968869673,286.14644,3.0406,0.0,0,0.999748026,0,2.892805556,44.7798882,12.14345,0.0,4.794537184,0,0,0.0,0.28678268,0.163403,0,-0.02482266,5.783244946,22.67357176,0.0,5.55e-17,0.0,0.0,0,0.0,11.04076528,0,0,16.14514,9.76185,0.0,3.207836991,0,0.0,4.63e-18,0,0,0,0.0,35.02559381,0,8.33e-17,0,0,0,0,0,0,0.0,0,0,0,0.755661447,0.499155026,0,0,2.734308,85.39981,0,0.0
-0.4309,0.0,-0.165646911,1.62037037,0.241081035,141.93644,-0.4309,0.0,0,1.030874098,1,2.1044,0.0,12.33727,0.0,4.794537184,0,0,0.0,0.299651667,0.200618,0,-0.165646911,0.0,0.0,11.76188495,-0.165646911,0.0,0.0,0,0.0,0.0,1,0,16.39819,7.93922,0.0,2.358604859,0,0.0,-8.33e-18,0,0,0,0.0,0.0,0,-1.25e-16,0,0,0,0,0,0,0.0,0,0,0,0.0,0.433728918,0,0,0.673355,78.50157,1,0.0
-0.2904,0.0,-0.165592894,0.0,0.718244042,315.93656,0.3578,0.0,0,0.992061356,1,2.350609091,0.0,12.4961,0.850694444,4.794537184,0,0,0.0,0.346132827,0.252718,0,-0.165592894,0.0,11.76188495,0.0,-0.165592894,0.0,0.0,0,0.0,0.0,1,0,16.94588,8.68194,4.794537184,1.51218531,0,0.0,2.14e-17,0,0,0,5.239211713,0.0,0,2.36e-16,0,0,0,0,0,0,0.0,0,0,0,0.0,0.624754046,0,0,2.887241,124.82468,1,0.0
-0.2445,0.0,-0.506368642,-1.479938272,0.0,185.75278,0.0,0.0,0,1.058841159,0,2.206644444,0.0,12.15117,0.0,0.0,0,0,0.0,0.389545831,0.253834,0,-0.126592161,0.0,0.0,25.2575783,-0.074253736,0.0,0.0,0,0.0,3.3836,0,0,16.6395,8.11452,0.0,4.494241633,0,0.0,9.25e-18,0,0,0,0.0,0.0,0,1.67e-16,0,0,0,0,0,0,0.0,0,0,0,0.46875,0.600196884,2,0,1.811409,117.54648,0,12.20793278
0.5603,6.914567901,0.245302247,0.0,0.952068474,136.74947,1.6809,0.0,0,1.027942925,0,2.525628571,24.26546827,12.09844,0.0,0.0,0,0,0.0,0.506794809,0.203537,0,0.081767416,0.0,0.0,0.0,0.21364281,0.0,5.749511833,0,0.0,3.821957981,0,0,17.62157,8.53808,0.0,2.092227095,0,0.0,-1.39e-17,0,0,0,0.0,29.16095175,0,-1.94e-16,0,0,0,0,0,0,0.0,0,0,0,0.384987085,0.799982055,0,0,1.147536,150.43332,0,0.0
0.8384,11.75876134,-0.061455224,3.585942933,0.963399025,156.63945,3.276,0.0,0,0.979570243,0,2.735818182,48.79188955,12.05643,0.0,0.0,0,0,0.0,0.249081152,0.197823,0,-0.020485075,0.0,0.0,0.0,1.39e-16,0.0,0.0,0,0.0,10.60801593,0,0,15.96515,9.01424,0.0,5.024221453,0,0.0,1.14e-17,0,0,0,0.0,58.84380951,0,2.5e-16,0,0,0,0,0,0,0.0,0,0,0,0.466596195,0.355942591,0,0,2.802044,78.8624,0,0.0
0.7814,19.68993292,-0.13434532,0.0,0.947021724,190.55008,3.4955,0.0,0,0.987750224,0,2.597407143,60.66367068,11.95258,0.0,0.0,0,0,0.0,0.332489165,0.176377,0,-0.06717266,0.0,0.0,0.0,-0.06717266,0.0,0.0,0,5.112436885,0.0,0,2,17.22972,7.48023,11.37477255,5.279057444,0,0.0,-1.14e-17,0,0,0,0.0,60.66367068,0,-3.19e-16,0,0,0,0,0,0,0.0,0,0,0,0.0,0.507233863,0,0,3.093938,126.26582,0,0.0
1.7481,4.037037037,8.33e-17,0.0,0.952081575,18.55612,1.7481,0.0,0,0.999856528,0,2.702111111,22.89285968,11.80976,0.0,0.0,0,0,0.0,0.152454341,0.224708,0,8.33e-17,0.0,0.0,11.33678588,8.33e-17,0.0,0.0,0,0.0,0.0,0,0,15.17691,9.49602,0.0,1.221050249,0,0.0,7.71e-18,0,0,0,0.0,22.89285968,0,6.94e-17,0,0,0,0,0,0,0.0,0,0,0,0.0,0.226426415,0,0,0.336035,73.47642,0,0.0
1.735033333,12.98172761,-4.94e-05,0.0,0.96753584,8.94259,5.2051,0.0,0,0.999932268,0,3.084565217,47.15832795,11.87168,0.0,0.0,0,0,0.0,0.142984959,0.133783,0,-1.65e-05,0.0,19.50858877,0.0,1.8e-16,0.0,19.50858877,0,0.0,11.22697007,0,0,15.96066,9.52372,0.0,3.926969145,0,0.0,3.02e-18,0,0,0,0.0,47.15832795,0,6.94e-17,0,0,0,0,0,0,0.0,0,0,0,0.819442478,0.216976763,0,0,0.430228,78.10226,0,0.0
1.1431,0.0,1.39e-17,1.768518519,0.964478275,195.49122,1.1431,0.0,0,0.999134948,0,2.76425,17.08744562,12.04434,0.0,0.0,0,0,0.0,0.253177645,0.225111,0,1.39e-17,0.0,0.0,0.0,1.39e-17,0.0,0.0,0,0.0,0.0,0,0,15.74514,9.08361,0.0,1.171267627,0,0.0,1.73e-18,0,0,0,0.0,17.08744562,0,1.39e-17,0,0,0,0,0,0,0.0,0,0,0,0.0,0.34916842,0,0,0.789299,85.16574,0,0.0
1.727866667,8.126388889,-8.33e-17,0.0,0.962719412,176.93312,2.2963,0.0,0,0.97553583,0,2.83,29.77600755,12.06698,0.0,0.0,0,0,0.0,0.244665694,0.200284,0,-8.33e-17,0.0,4.699919916,0.0,-8.33e-17,0.0,0.0,0,0.0,0.0,0,0,15.82781,9.25116,0.0,1.809938153,0,0.0,-5.95e-18,0,0,1,0.0,29.77600755,0,-8.33e-17,0,0,0,0,0,0,0.0,0,0,0,0.0,0.340705405,0,0,0.731338,82.84377,0,0.0
1.25125,31.26800926,-0.087754089,0.0,0.782181155,38.11355,4.6245,0.0,0,0.981737081,0,2.449833333,107.6858605,11.90232,0.0,0.0,0,0,0.0,0.158024362,0.200913,0,-0.021938522,0.0,16.69035448,12.62878915,-0.011203923,0.0,0.0,0,0.0,7.169824318,0,0,15.68455,8.22851,0.0,5.55726056,0,0.0,3.85e-19,0,0,0,0.0,90.99550603,0,1.39e-17,0,0,0,0,0,0,0.0,0,0,0,0.502727747,0.26192721,0,0,0.990397,69.08008,0,4.747022453
0.3805,0.0,-0.069667363,8.922384259,0.0,52.4499,0.0,17.75371814,0,0.993488372,0,1.847740741,0.0,11.90754,0.0,0.0,0,0,0.0,0.172470493,0.248993,0,-0.069667363,0.0,19.26246487,12.62878915,-0.069667363,0.0,0.0,0,0.0,0.0,4,0,15.60971,7.97066,0.0,1.985033374,4,0.0,-7.45e-18,0,0,0,0.0,0.0,4,-2.01e-16,0,0,0,0,0,0,0.0,0,0,0,0.0,0.275305966,0,0,1.194094,64.52279,0,0.0
0.876233333,7.324074074,0.119882892,0.0,0.965151494,13.94555,2.6287,0.0,1,1.027546778,0,2.977230769,29.28810159,11.98359,0.0,0.0,0,0,5.022633314,0.143425147,0.202625,0,0.039960964,0.0,0.0,0.0,0.084355821,0.0,0.0,0,0.0,3.724118001,0,0,15.78501,8.67714,0.0,2.42306753,0,0.0,0.0,0,0,0,0.0,29.16095175,0,0.0,0,0,0,0,0,0,0.0,0,0,0,0.281991233,0.251348913,0,0,0.828941,89.31459,0,0.0
0.754666667,7.632716049,0.071054975,0.0,0.957482706,37.79517,2.264,0.0,0,1.084111135,0,2.924714286,24.26546827,11.73196,0.0,0.0,0,0,0.0,0.143425557,0.192472,0,0.023684992,0.0,0.0,0.0,0.035527487,0.0,0.0,0,0.0,4.236041024,0,0,15.64718,8.59598,0.0,2.464484912,0,0.0,-1.98e-17,0,0,0,0.0,34.05643522,0,-2.78e-16,0,0,0,0,0,0,0.0,0,0,0,0.17936942,0.251349322,0,0,1.024953,85.21064,0,0.0
0.754666667,7.655308642,0.070973904,0.0,0.957482706,36.91516,2.264,0.0,0,0.999895288,0,2.924714286,24.26546827,11.73347,0.0,0.0,0,0,0.0,0.143385764,0.204211,0,0.023657968,0.0,0.0,0.0,0.035486952,0.0,0.0,0,0.0,4.236041024,0,0,15.57676,8.64774,0.0,2.464484912,0,0.0,-1.09e-17,0,0,0,0.0,34.05643522,0,-1.53e-16,0,0,0,0,0,0,0.0,0,0,0,0.17936942,0.251310049,0,0,1.336861,84.8165,0,0.0
0.754666667,7.68154321,0.068704845,0.0,0.957482706,52.55129,2.264,0.0,0,0.958869814,0,2.924714286,24.26546827,11.73248,0.0,0.0,0,0,0.0,0.142290682,0.203521,0,0.022901615,0.0,0.0,0.0,0.034352423,0.0,0.0,0,0.0,4.236041024,0,0,15.50992,8.71875,0.0,2.464484912,0,0.0,5.95e-18,0,0,0,0.0,34.05643522,0,8.33e-17,0,0,0,0,0,0,0.0,0,0,0,0.17936942,0.250252126,0,0,1.252431,85.56603,0,0.0
0.68515,5.595401235,1.25e-16,1.710648148,0.95466362,192.1781,1.3703,0.0,0,1.023832221,0,2.624083333,24.39594478,11.96408,0.0,0.0,0,0,0.0,0.250222508,0.201045,0,1.25e-16,0.0,0.0,0.0,1.25e-16,0.0,0.0,0,0.0,0.0,0,0,15.87523,8.6998,0.0,1.98,0,0.0,5.78e-18,0,0,0,0.0,29.42190476,0,6.94e-17,0,0,0,0,0,0,0.0,0,0,0,0.0,0.359731357,0,0,1.864868,85.0709,0,0.0
0.68515,3.672839506,-5.55e-17,3.421296296,0.95466362,237.46045,1.3703,0.0,0,0.9767642,0,2.624083333,24.52642128,11.99013,0.0,0.0,0,0,0.0,0.264654616,0.210079,0,-5.55e-17,0.0,0.0,0.0,-5.55e-17,0.0,0.0,0,0.0,0.0,0,0,15.9466,8.62533,0.0,1.98,0,0.0,-9.25e-18,0,0,0,0.0,29.42190476,0,-1.11e-16,0,0,0,0,0,0,0.0,0,0,0,0.0,0.372590403,0,0,1.057637,92.64124,0,0.0
0.6585,5.804058642,-0.121604969,1.769398148,0.591568421,163.14983,0.9365,0.0,0,0.993665713,0,2.4618,30.08987277,11.95604,0.0,0.0,0,0,0.0,0.260442152,0.206834,0,-0.060802485,0.0,0.0,12.62878915,-0.051322011,0.0,0.0,0,0.0,7.1765,0,0,15.79126,8.17731,0.0,2.721453287,0,0.0,5.55e-18,0,0,0,0.0,24.39594478,0,8.33e-17,0,0,0,0,0,0,0.0,0,0,0,0.278,0.363096872,0,0,1.469299,74.20025,0,0.0
0.3805,0.0,-0.154321905,10.9674667,0.0,53.06024,0.0,0.0,0,0.999512301,0,1.901235294,0.0,11.87763,0.0,0.0,0,0,0.0,0.179363901,0.256097,0,-0.077160952,0.0,51.36657298,25.2575783,-0.077160952,0.0,0.0,0,0.0,0.0,0,0,14.83945,8.02673,0.0,11.7,0,0.0,-8.16e-19,0,0,0,0.0,0.0,0,-2.78e-17,0,0,0,0,0,0,0.0,0,0,0,0.0,0.281601845,0,0,0.839043,68.38373,0,0.0
0.3805,0.0,-0.154321905,8.044435154,0.0,54.03768,0.0,0.0,0,0.999244998,0,1.978857143,0.0,11.84117,0.0,0.0,0,0,0.0,0.179363901,0.256083,0,-0.077160952,0.0,38.52492974,25.2575783,-0.077160952,0.0,0.0,0,0.0,0.0,0,0,14.83619,8.02737,0.0,9.7,0,0.0,-1.98e-18,0,0,0,0.0,0.0,0,-5.55e-17,0,0,0,0,0,0,0.0,0,0,0,0.0,0.281601845,0,0,0.841103,68.79347,0,0.0
0.3805,0.0,-0.154321897,3.764228395,0.0,56.84218,0.0,0.0,0,0.996032402,0,2.187210526,0.0,11.75424,0.0,0.0,0,0,0.0,0.179363897,0.255729,0,-0.077160948,0.0,19.26246487,25.2575783,-0.077160948,0.0,0.0,0,0.0,0.0,0,0,14.90441,8.03568,0.0,6.7,0,0.0,5.84e-18,0,0,0,0.0,0.0,0,1.11e-16,0,0,0,0,0,0,0.0,0,0,0,0.0,0.281601841,0,0,1.195999,70.15392,0,0.0
0.3805,0.0,-0.154320863,2.402006173,0.0,55.38916,0.0,0.0,0,0.995916852,0,2.30875,0.0,11.71106,0.0,0.0,0,0,0.0,0.179363387,0.255057,0,-0.077160431,0.0,12.84164325,25.2575783,-0.077160431,0.0,0.0,0,0.0,0.0,0,0,15.05727,8.04913,0.0,5.7,0,0.0,-1.04e-17,0,0,0,0.0,0.0,0,-1.67e-16,0,0,0,0,0,0,0.0,0,0,0,0.0,0.281601331,0,0,0.832528,71.60533,0,0.0
0.3805,0.0,-0.152558684,0.0,0.0,48.06209,0.0,0.0,0,1.057426259,0,2.7706,0.0,11.58957,0.0,0.0,0,0,0.0,0.178512939,0.247211,0,-0.076279342,0.0,0.0,25.2575783,-0.076279342,0.0,0.0,0,0.0,0.0,0,0,14.93267,8.15868,0.0,3.7,0,0.0,-8.33e-18,0,0,0,0.0,0.0,0,-8.33e-17,0,0,0,0,0,0,0.0,0,0,0,0.0,0.280779815,0,0,0.803323,76.87686,0,0.0
