PEOE_VSA8,Disulfide,EState_VSA7,Atom1_ESP Pi (kcal/mol),c1ccncc1,Primary_arom_amine,NumAliphaticRings,PEOE_VSA12,NumSaturatedRings,Conju_LogP_Std,Alkene,Atom_PEOE-Charge_Sum,c1nc_nH_n1,c1c_nH_cn1,c1cc_nH_c1,c1ccc2_nH_ccc2c1,Atom_PEOE-Charge_Mean,c1ccc2cc3ccccc3cc2c1,c1cn_nH_c1,c1cc2ccc(ccnccc3ccc(ccn1)_nH_3)_nH_2,c1nnn_nH_1,c1ccc2ncccc2c1,c1nncs1,Alkylchloride,Alkylbromide,Tertiary_aliph_amine,Aldehyde,Oxime,Acetal,Hemiacetal,Chloroalkene,Bromoalkene,Enol,Carboxylic_ester,Nitrile,Aryliodide,Azo,Phosphonic_acid_derivative,Sugar_pattern_combi,SMR_VSA2,Sulfon,Conju_PEOE-Charge_Std,Conju_MR_Std,Conju_MR_Delta,Tri_boron,c1ccc2sc_n+_c2c1,Amide,Conju_PEOE-Charge_Delta,VSA_EState1,Alkylfluoride,Trifluoromethyl,c1ccc2occcc2c1,Lactone,Oxoarene,Arylfluoride,Thioacetal,SlogP_VSA10,Iaverage / mA cm-2,Kappa1,Fun_MR_Min,Mid-Fun_LogP_Delta,Atom Number,Alcohol,Althoxyl,HOMO,EState_VSA4,Chi1v,Tertiary_arom_amine,Secondary_aliph_amine
4.776498962,0,0.0,13.207422,0,0,0,0.0,0,0.0,0,1.67e-16,0,0,0,0,9.25e-18,0,0,0,0,0,0,0,0,0,0,0,0,0,0,0,0,0,0,0,0,0,0,0,0,0.0,0.0,0.0,1,0,0,0.0,0.398333333,0,0,0,0,0,0,0,0.0,142.3333333,8.451507375,5.2285,0.3808,18,0,0,-0.256346,11.33678588,3.894625533,0,0
0.0,0,17.51279691,12.774025,0,0,0,0.0,0,0.0,0,-4.16e-17,0,0,0,0,-4.63e-18,0,0,0,0,0,0,0,0,0,0,0,0,0,0,0,0,0,0,0,0,0,0,0,0,0.0,0.0,0.0,0,0,0,0.0,1.196759259,0,0,0,0,0,0,0,0.0,133.0,4.341812298,8.927,0.0,9,0,0,-0.237867,0.0,3.256801524,0,0
0.0,0,0.0,14.830128,0,0,0,0.0,0,0.0,0,2.78e-17,0,0,0,0,3.08e-18,0,0,0,0,0,0,0,0,0,0,0,0,0,0,0,0,0,0,0,0,0,0,0,0,0.0,0.0,0.0,0,0,0,0.0,0.0,0,0,0,0,0,0,0,0.0,134.6666667,4.82,7.6358,0.8027,9,0,0,-0.263323,0.0,1.729967632,0,0
11.50570721,1,0.0,15.026383,0,0,0,0.0,0,0.0,0,-2.22e-16,0,0,0,0,-1.01e-17,0,0,0,0,0,0,0,0,0,0,0,0,0,0,0,0,0,0,0,0,0,0,0,0,0.0,0.0,0.0,0,0,0,0.0,0.0,0,0,0,0,0,0,0,0.0,107.3333333,11.64,7.6358,1.7186,22,0,0,-0.240901,0.0,5.794619475,0,0
11.50570721,0,23.91392516,14.378481,0,0,0,0.0,0,0.0,2,6.94e-18,0,0,0,0,4.08e-19,0,0,0,0,0,0,0,0,0,0,0,0,0,0,0,0,0,0,0,0,0,0,0,0,1.04e-17,0.0,0.0,0,0,0,2.08e-17,0.0,0,0,0,0,0,0,0,0.0,88.0,6.83,10.197,0.0,17,0,0,-0.22645,11.50570721,3.365043969,0,0
5.38006277,0,0.0,12.069507,0,0,0,0.0,0,0.0,0,-1.67e-16,0,0,0,0,-1.51e-17,0,0,0,0,0,0,0,0,0,0,0,0,0,0,0,0,0,0,0,0,0,0,0,0,0.0,0.0,0.0,0,0,0,0.0,0.0,0,0,0,0,0,0,0,0.0,147.3333333,5.24084507,7.8573,0.0,11,0,0,-0.274116,0.0,2.862425327,0,0
9.790966951,0,0.0,14.171186,0,0,0,0.0,0,0.0,0,-2.08e-16,0,0,0,0,-6.94e-18,0,0,0,0,0,0,0,0,0,0,0,0,0,0,0,0,0,0,0,0,0,0,0,0,0.0,0.0,0.0,0,0,0,0.0,0.0,0,0,0,0,0,0,0,0.0,102.3333333,14.4882996,7.8573,1.8204,30,0,0,-0.235657,11.12690298,6.423170416,0,0
15.60550306,0,0.0,12.949498,0,1,0,0.0,0,0.0,0,-9.71e-17,0,0,0,0,-6.48e-18,0,0,0,0,0,0,0,0,0,0,0,0,0,0,0,0,0,0,0,0,0,0,0,0,0.0,0.0,0.0,0,0,0,0.0,0.0,0,0,0,0,0,0,0,5.687386275,117.0,6.775473441,4.7524,1.2881,15,0,0,-0.212777,4.895483476,3.264476109,0,0
4.895483476,0,0.0,14.260345,0,0,0,0.0,0,0.0,0,-1.11e-16,0,0,0,0,-6.94e-18,0,0,0,0,0,0,0,0,0,0,0,0,0,0,0,0,0,0,0,0,0,0,0,0,0.0,0.0,0.0,0,0,0,0.0,0.0,0,0,0,0,0,0,0,0.0,80.33333333,7.150619469,7.8573,0.5372,16,0,0,-0.236027,4.895483476,3.169918541,0,0
11.37477255,0,0.0,21.720345,0,2,0,9.837253136,0,0.0,0,-2.22e-16,0,0,0,0,-7.66e-18,0,0,0,0,0,0,0,0,0,0,0,0,0,0,0,0,0,0,0,0,0,0,0,1,0.0,0.0,0.0,0,0,0,0.0,24.34952759,0,0,0,0,0,0,0,11.37477255,97.0,11.47466815,4.7524,2.3742,29,0,0,-0.211209,0.0,6.444829551,0,0
18.14654075,0,18.32957771,14.522093,1,0,0,0.0,0,0.0,0,6.94e-17,0,0,0,0,4.63e-18,0,0,0,0,0,0,0,0,0,0,0,0,0,0,0,0,0,0,0,0,0,0,0,0,0.0,0.0,0.0,0,0,0,0.0,0.0,0,0,0,0,0,0,0,0.0,118.6666667,5.633333333,8.986,0.556,15,0,0,-0.2435,11.3163051,3.062651404,0,0
12.39368714,1,0.0,15.788872,2,0,0,0.0,0,0.0,0,-1.94e-16,0,0,0,0,-6.94e-18,0,0,0,0,0,0,0,0,0,0,0,0,0,0,0,0,0,0,0,0,0,0,0,0,0.0,0.0,0.0,0,0,0,0.0,0.0,0,0,0,0,0,0,0,0.0,95.0,14.35123584,7.591,2.2978,28,0,0,-0.246274,0.0,7.442535607,0,0
12.13273414,1,0.0,14.204405,0,0,0,0.0,0,0.0,0,1.53e-16,0,0,0,0,5.45e-18,0,0,0,0,0,0,0,0,0,0,0,0,0,0,0,0,0,0,0,0,0,0,0,0,0.0,0.0,0.0,0,0,0,0.0,0.0,0,0,0,0,0,0,0,11.37477255,94.66666667,14.35123584,6.9944,3.3446,28,0,0,-0.244741,21.58779595,7.556955749,0,0
10.77548692,0,24.26546827,14.473768,0,0,0,0.0,0,0.0,0,2.78e-17,0,0,0,0,1.73e-18,0,0,0,0,0,0,0,0,0,0,0,0,0,0,0,0,0,0,0,0,0,0,0,0,0.0,0.0,0.0,0,0,0,0.0,0.0,0,0,0,0,0,0,0,0.0,84.0,6.972866817,5.853,1.8144,16,0,0,-0.243797,10.58608481,3.696533667,0,0
21.1657395,1,48.53093655,13.201513,0,2,0,0.0,0,0.0,0,5.55e-17,0,0,0,0,1.98e-18,0,0,0,0,0,0,0,0,0,0,0,0,0,0,0,0,0,0,0,0,0,0,0,0,0.0,0.0,0.0,0,0,0,0.0,0.0,0,0,0,0,0,0,0,11.37477255,85.66666667,11.23211375,4.7524,3.6706,28,0,0,-0.211203,21.1657395,6.956795679,0,0
5.752853607,0,18.19910121,14.448232,0,0,0,0.0,0,0.0,0,-3.47e-17,0,0,0,0,-2.17e-18,0,0,0,0,0,0,0,0,0,0,0,0,0,0,0,0,0,0,0,0,0,0,0,0,0.0,0.0,0.0,0,0,0,0.0,0.0,0,0,0,0,0,0,0,0.0,97.0,5.702100396,8.986,1.161,16,0,0,-0.238844,5.752853607,3.212920291,0,0
0.0,0,0.0,19.68101,0,0,0,9.837253136,0,0.0,0,-1.11e-16,0,0,0,0,-4.44e-18,0,0,0,0,0,0,0,0,0,0,0,0,0,0,0,0,0,0,0,0,0,0,0,1,0.0,0.0,0.0,0,0,0,0.0,24.06759259,0,0,0,0,0,0,0,0.0,83.33333333,9.926624683,8.9198,1.5948,25,0,0,-0.267679,0.0,6.046112076,0,0
9.790966951,1,12.13273414,13.663008,0,0,0,0.0,0,0.0,0,1.39e-16,0,0,0,0,5.78e-18,0,0,0,0,0,0,0,0,0,0,0,0,0,0,0,0,0,0,0,0,0,0,0,0,0.0,0.0,0.0,0,0,0,0.0,0.0,0,0,0,0,0,0,0,0.0,96.0,9.685764821,7.591,1.5948,24,0,0,-0.237072,0.0,6.546112076,0,0
6.066367068,0,29.77600755,15.882981,0,0,0,17.5719964,0,0.9617,0,-1.11e-16,0,0,0,0,-5.05e-18,0,0,0,0,0,0,0,0,0,0,0,0,0,0,0,0,0,0,0,0,0,0,0,0,0.314970426,14.8911,29.7822,0,1,0,0.629940853,2.853009259,0,0,0,0,0,0,0,0.0,131.6666667,11.13656968,7.6358,1.9234,22,0,0,-0.204303,10.21662063,4.726147273,0,0
34.57834124,1,24.26546827,14.323394,2,0,0,0.0,0,0.0,0,1.39e-17,0,0,0,0,6.31e-19,0,0,0,0,0,0,0,0,0,0,0,0,0,0,0,0,0,0,0,0,0,0,0,0,0.0,0.0,0.0,0,0,0,0.0,0.0,0,0,0,0,0,0,0,0.0,111.3333333,9.551020408,7.591,0.9898,22,0,0,-0.252538,0.0,6.245574302,0,0
4.877147194,0,17.51279691,12.823732,0,0,0,0.0,0,1.0126,0,-1.94e-16,0,0,0,0,-1.3e-17,0,0,0,0,0,0,0,0,0,0,0,0,0,0,0,0,0,0,0,0,0,0,0,0,0.044273433,7.8926,15.7852,0,0,0,0.088546866,0.0,0,0,0,0,0,0,0,0.0,150.3333333,6.292399021,7.6358,2.0252,15,0,0,-0.241916,4.877147194,3.409658742,0,0
5.24993803,0,0.0,13.423698,0,0,1,0.0,1,0.0,0,3.47e-17,0,0,0,0,1.83e-18,0,0,0,0,0,0,0,0,0,0,0,0,0,0,0,0,0,0,0,0,0,0,0,0,0.0,0.0,0.0,0,0,0,0.0,0.0,0,0,0,0,0,0,0,0.0,88.66666667,5.486054422,8.986,0.0,19,0,0,-0.23833,5.24993803,3.59109325,0,0
0.0,0,0.0,11.727479,0,0,1,0.0,1,0.0,0,2.78e-16,0,0,0,0,2.78e-17,0,0,0,0,0,0,0,0,0,0,0,0,0,0,0,0,0,0,0,0,0,0,0,0,0.0,0.0,0.0,0,0,0,0.0,18.71527778,0,0,0,0,0,0,0,0.0,94.66666667,4.234744646,1.085,0.0,10,0,2,-0.299519,0.0,2.577350269,0,0
0.0,0,0.0,14.389348,0,0,1,0.0,1,0.0,0,-5.55e-17,0,0,0,0,-2.31e-18,0,0,0,0,0,0,0,0,0,0,0,0,0,0,0,0,0,0,0,0,0,0,0,0,0.0,0.0,0.0,0,0,0,0.0,0.694398148,0,0,0,0,0,0,1,0.0,79.33333333,8.51523239,25.544,0.0,24,0,0,-0.219517,0.0,6.345623107,0,0
9.494044906,1,21.58779595,13.310148,0,0,0,0.0,0,0.0,0,2.08e-17,0,0,0,0,7.43e-19,0,0,0,0,0,0,0,0,0,0,0,0,0,0,0,0,0,0,0,0,0,0,0,0,0.0,0.0,0.0,0,0,0,0.0,0.773703704,0,0,0,0,0,0,0,0.0,80.0,10.7,15.182,0.0,28,0,0,-0.223798,0.0,5.724744871,0,0
4.747022453,0,0.0,13.388496,0,0,0,0.0,0,0.0,0,-2.36e-16,0,0,0,0,-6.05e-18,0,0,0,0,0,0,0,0,0,0,0,0,0,0,0,0,0,0,0,0,0,0,0,0,0.0,0.0,0.0,0,0,0,0.0,0.056319444,0,0,0,0,0,0,0,0.0,92.66666667,13.35,8.986,0.0,39,0,0,-0.232072,0.0,5.614196066,0,0
5.917906046,0,13.8474744,9.394585,0,0,0,0.0,0,0.0,0,0.0,0,0,0,0,0.0,0,0,0,0,0,0,0,0,0,0,0,0,0,0,0,0,0,0,0,0,0,0,0,0,0.0,0.0,0.0,0,0,0,0.0,0.0,0,0,0,0,0,0,0,0.0,89.66666667,5.89,0.0,0.0,15,0,0,-0.217332,0.0,2.344423243,0,0
0.0,0,0.0,9.79053,0,0,0,0.0,0,0.0,0,-3.05e-16,0,0,0,0,-3.39e-17,0,0,0,0,0,0,0,0,0,0,0,0,0,0,0,0,0,0,0,0,0,0,0,0,0.0,0.0,0.0,0,0,0,0.0,0.0,0,0,0,0,0,0,0,0.0,130.3333333,3.89,0.0,0.0,9,0,0,-0.218642,0.0,1.40104757,0,0
10.49987606,0,13.8474744,13.877165,0,0,0,0.0,0,0.0,0,-1.21e-16,0,0,0,0,-7.59e-18,0,0,0,0,0,0,0,0,0,0,0,0,0,0,0,0,0,0,0,0,0,0,0,0,0.0,0.0,0.0,0,0,0,0.0,0.0,0,0,0,0,0,0,0,0.0,96.0,6.7,8.986,0.0,16,0,0,-0.236683,0.0,3.03722721,0,0
9.790966951,1,0.0,13.423975,0,0,0,0.0,0,0.0,0,-2.78e-17,0,0,0,0,-9.25e-19,0,0,0,0,0,0,0,0,0,0,0,0,0,0,0,0,0,0,0,0,0,0,0,0,0.0,0.0,0.0,0,0,0,0.0,0.0,0,0,0,0,0,0,0,0.0,103.0,11.62030784,7.591,1.4497,30,0,0,-0.23279,0.0,7.367479281,0,0
0.0,0,6.9237372,15.52818,0,0,0,10.02329115,0,0.0,0,5.55e-17,0,0,0,0,2.78e-18,0,0,0,0,0,0,0,0,0,0,0,0,0,0,0,0,0,0,0,0,0,0,0,0,0.0,0.0,0.0,0,0,0,0.0,21.44389645,0,0,0,0,0,0,0,0.0,102.6666667,8.228716683,13.1072,0.0,20,0,0,-0.264394,5.563451492,4.640846422,0,0
17.90485078,0,6.9237372,12.347912,0,0,0,0.0,0,0.0,0,2.5e-16,0,0,0,0,1.39e-17,0,0,0,0,0,0,0,0,0,0,0,0,0,0,0,0,0,0,0,0,0,0,0,0,0.0,0.0,0.0,0,0,0,0.0,0.0,0,0,0,0,0,0,0,0.0,148.0,6.706414435,2.2188,1.4099,18,1,1,-0.238489,12.11474962,3.721066061,0,0
4.877147194,0,0.0,12.855155,0,0,0,0.0,0,0.0,0,-8.33e-17,0,0,0,0,-6.94e-18,0,0,0,0,0,0,0,0,0,0,0,0,0,0,0,0,0,0,0,0,0,0,0,0,0.0,0.0,0.0,0,0,0,0.0,1.212962963,0,0,0,0,0,0,0,0.0,127.0,5.319275766,8.927,0.0,12,0,0,-0.227315,0.0,3.61740898,0,0
0.0,0,6.9237372,14.292954,0,1,0,5.13155848,0,0.0,0,-1.11e-16,0,0,0,0,-9.25e-18,0,0,0,0,0,1,0,0,0,0,0,0,0,0,0,0,0,0,0,0,0,0,0,0,0.0,0.0,0.0,0,0,0,0.0,0.0,0,0,0,0,0,0,0,5.13155848,92.0,4.517232704,4.7524,0.0,12,0,0,-0.234146,5.007623697,2.660633601,0,0
0.0,0,0.0,13.935305,0,0,0,0.0,0,0.0,0,1.53e-16,0,0,0,0,2.68e-18,0,0,0,0,0,0,0,0,0,0,0,0,0,0,0,0,0,0,0,0,0,0,0,0,0.0,0.0,0.0,0,0,0,0.0,0.0,0,0,0,0,0,0,0,0.0,92.33333333,19.35,8.986,0.0,57,0,0,-0.239559,5.752853607,9.655790079,0,0
0.0,0,0.0,13.912307,0,0,0,0.0,0,0.0,0,8.33e-17,0,0,0,0,3.08e-18,0,0,0,0,0,0,0,0,0,0,0,0,0,0,0,0,0,0,0,0,0,0,0,0,0.0,0.0,0.0,0,0,0,0.0,0.0,0,0,0,0,0,0,0,0.0,97.33333333,9.35,8.986,0.0,27,0,0,-0.239601,5.752853607,4.655790079,0,0
41.17300463,0,23.57916398,12.577593,0,0,0,5.783244946,0,0.0,0,4.44e-16,0,0,0,0,1.11e-17,0,0,0,0,0,0,0,0,0,0,0,0,0,0,0,0,0,0,0,0,0,0,0,0,0.0,0.0,0.0,0,0,0,0.0,5.392146636,0,0,1,1,1,0,0,5.687386275,143.6666667,15.49396194,2.819,1.8834,40,0,0,-0.207153,24.1631233,8.477053779,1,0
0.0,0,6.9237372,14.004036,0,0,0,0.0,0,0.0,0,0.0,0,0,0,0,0.0,0,0,0,0,0,0,0,0,0,0,0,0,0,0,0,0,0,0,0,0,0,0,0,0,0.0,0.0,0.0,0,0,0,0.0,0.0,0,0,0,0,0,0,0,0.0,127.0,3.35,8.986,0.0,9,0,0,-0.241222,5.752853607,1.655790079,0,0
14.81360026,0,24.26546827,14.276778,0,0,1,0.0,0,0.0,0,1.11e-16,0,0,0,0,4.83e-18,0,0,0,0,0,0,0,0,0,0,0,0,0,0,0,0,0,0,0,0,0,0,0,0,0.0,0.0,0.0,0,0,0,0.0,0.0,0,0,0,0,0,0,0,11.37477255,147.0,9.131038964,3.9627,2.0441,23,0,0,-0.198188,16.39740586,5.857075722,0,0
16.83863893,0,11.76188495,13.43941,0,0,1,0.0,0,0.0,0,4.16e-17,0,0,0,0,1.6e-18,0,0,0,0,0,0,0,0,0,0,0,0,0,0,0,0,0,0,0,0,0,0,0,0,0.0,0.0,0.0,0,0,0,0.0,0.0,0,0,0,0,0,0,0,11.37477255,146.0,8.862957904,2.819,2.2214,26,0,0,-0.179338,0.0,5.773872601,1,0
20.13718479,0,11.94758171,9.512251,0,0,1,0.0,1,0.0,0,1.94e-16,0,0,0,0,1.3e-17,0,0,0,0,0,0,0,0,1,0,0,0,0,0,0,0,0,0,0,0,0,0,0,0,0.0,0.0,0.0,0,0,0,0.0,0.0,0,0,0,0,0,0,0,0.0,91.0,4.839476831,1.839,0.0,15,0,0,-0.218504,18.2019497,2.702973986,0,1
0.0,0,0.0,14.372363,0,0,0,0.0,0,0.0,0,6.94e-17,0,0,0,0,1.16e-17,0,0,0,0,0,0,0,0,0,0,0,0,0,0,0,0,0,0,0,0,0,0,0,0,0.0,0.0,0.0,0,0,0,0.0,0.0,0,0,0,0,0,0,0,0.0,116.6666667,2.35,8.986,0.0,6,0,0,-0.241991,0.0,1.341640786,0,0
4.895483476,0,6.255769184,13.799755,0,0,0,0.0,0,0.0,0,-8.33e-17,0,0,0,0,-4.38e-18,0,0,0,0,0,0,0,0,0,0,0,0,0,0,0,0,0,0,0,0,0,0,0,0,0.0,0.0,0.0,0,0,0,0.0,0.0,0,0,0,0,0,0,0,0.0,108.6666667,8.139601594,7.591,0.8049,19,0,0,-0.225303,4.895483476,4.336215455,0,0
4.895483476,0,18.38850332,13.923862,0,0,0,0.0,0,0.0,0,-6.94e-17,0,0,0,0,-4.08e-18,0,0,0,0,0,0,0,0,0,0,0,0,0,0,0,0,0,0,0,0,0,0,0,0,0.0,0.0,0.0,0,0,0,0.0,0.0,0,0,0,0,0,0,0,0.0,90.0,6.489474313,2.2188,1.2052,17,0,0,-0.23169,0.0,3.88209131,0,0
6.420821623,0,0.0,14.395269,0,0,0,0.0,0,0.0,0,-5.69e-16,0,0,0,0,-2.11e-17,0,0,0,0,0,0,0,0,0,0,0,0,0,0,0,0,0,0,0,0,0,0,0,0,0.0,0.0,0.0,0,0,0,0.0,162.109757,13,1,0,0,0,0,0,57.07539562,109.0,21.44,1.108,0.675,27,0,0,-0.248335,0.0,5.509005763,0,0
6.066367068,0,0.0,13.800854,0,0,0,0.0,0,0.0,0,1.39e-16,0,0,0,0,1.07e-17,0,0,0,0,0,0,0,0,0,0,0,0,0,0,0,0,0,0,0,0,0,0,0,0,0.0,0.0,0.0,0,0,0,0.0,49.00666667,0,0,0,0,0,4,0,17.56166019,96.0,8.38718173,1.108,1.6808,13,0,0,-0.245312,0.0,3.004099608,0,0
0.0,0,0.0,8.957976,0,0,0,0.0,0,0.0,0,-2.22e-16,0,0,0,0,-7.4e-18,0,0,0,0,0,0,0,0,0,0,0,0,0,0,0,0,0,0,0,0,0,0,0,0,0.0,0.0,0.0,0,0,0,0.0,60.57640967,0,0,0,0,0,0,0,4.481273115,129.6666667,14.63519978,10.7588,0.6702,30,0,0,-0.280138,24.26546827,8.310588042,0,0
12.17367523,0,0.0,14.540745,0,0,0,11.81435946,0,0.25205,0,3.33e-16,0,0,0,0,9e-18,0,0,0,0,0,0,0,0,0,0,0,0,0,0,0,0,0,0,0,0,0,0,0,0,0.055193391,0.25345,0.5069,0,0,2,0.12310979,0.0,0,0,0,0,0,0,0,0.0,129.3333333,18.19,7.6358,1.3068,37,0,0,-0.245611,0.0,6.288908964,0,2
5.752853607,0,0.0,15.188635,0,0,0,0.0,0,0.0,0,-3.89e-16,0,0,0,0,-2.78e-17,0,0,0,0,0,0,0,0,0,0,0,0,0,0,0,0,0,0,0,0,0,0,0,0,0.0,0.0,0.0,0,0,0,0.0,0.0,0,0,0,0,0,0,0,0.0,136.3333333,6.78,7.6358,0.8027,14,0,0,-0.246164,0.0,2.406670999,0,0
11.50570721,1,0.0,15.831529,0,0,0,0.0,0,0.0,0,-4.44e-16,0,0,0,0,-1.71e-17,0,0,0,0,0,0,0,0,0,0,0,0,0,0,0,0,0,0,0,0,0,0,0,0,0.0,0.0,0.0,0,0,0,0.0,0.0,0,0,0,0,0,0,0,0.0,113.6666667,13.56,7.6358,1.7186,26,0,0,-0.242403,0.0,6.14802621,0,0
11.50570721,1,0.0,16.519479,0,0,0,0.0,0,0.0,0,-4.44e-16,0,0,0,0,-1.71e-17,0,0,0,0,0,0,0,0,0,0,0,0,0,0,0,0,0,0,0,0,0,0,0,0,0.0,0.0,0.0,0,0,0,0.0,0.0,0,0,0,0,0,0,0,0.0,115.6666667,13.56,7.6358,1.7186,26,0,0,-0.238815,0.0,6.14802621,0,0
11.50570721,1,0.0,15.155981,0,0,0,0.0,0,0.0,0,-4.44e-16,0,0,0,0,-1.71e-17,0,0,0,0,0,0,0,0,0,0,0,0,0,0,0,0,0,0,0,0,0,0,0,0,0.0,0.0,0.0,0,0,0,0.0,0.0,0,0,0,0,0,0,0,0.0,112.6666667,13.56,7.6358,1.7186,26,0,0,-0.242196,0.0,6.14802621,0,0
0.0,0,0.0,10.042731,0,0,0,0.0,0,0.0,0,2.22e-16,0,0,0,0,2.78e-17,0,0,0,0,0,0,0,0,0,0,0,0,0,0,0,0,0,0,0,0,0,0,0,0,0.0,0.0,0.0,0,0,0,0.0,0.0,0,0,0,0,0,0,0,0.0,125.6666667,3.69,0.0,0.0,8,0,0,-0.217963,0.0,1.189722705,0,0
4.472719516,0,18.19910121,15.385835,0,1,0,0.0,0,0.0,0,5.55e-17,0,0,0,0,3.47e-18,0,0,0,0,0,0,0,0,0,0,0,0,0,0,0,0,0,0,0,0,0,0,0,0,0.0,0.0,0.0,0,0,0,0.0,2.185671296,0,0,0,0,0,0,0,5.13155848,87.0,7.06153773,4.7524,1.4442,16,0,0,-0.219127,14.68934015,4.680647979,0,0
0.0,0,0.0,15.337022,0,1,0,0.0,0,0.0,0,0.0,0,0,0,0,0.0,0,0,0,0,0,0,0,0,0,0,0,0,0,0,0,0,0,0,0,0,0,0,0,0,0.0,0.0,0.0,0,0,0,0.0,13.37792895,0,0,0,0,0,1,0,9.521973528,94.66666667,6.543966449,1.108,1.0188,16,0,0,-0.217905,10.21662063,3.88764971,0,0
12.29761001,0,0.0,14.041539,0,0,0,0.0,0,0.0,0,2.78e-17,0,0,0,0,2.52e-18,0,0,0,0,0,0,0,0,0,0,0,0,0,0,0,0,0,0,0,0,0,0,0,0,0.0,0.0,0.0,0,0,0,0.0,0.0,0,0,0,0,0,0,0,0.0,132.6666667,4.31,8.986,0.0,11,0,0,-0.24286,5.752853607,1.856931589,0,0
24.59522003,1,0.0,14.101099,0,0,0,0.0,0,0.0,0,0.0,0,0,0,0,0.0,0,0,0,0,0,0,0,0,0,0,0,0,0,0,0,0,0,0,0,0,0,0,0,0,0.0,0.0,0.0,0,0,0,0.0,0.0,0,0,0,0,0,0,0,0.0,84.33333333,8.62,15.182,0.0,20,0,0,-0.234512,24.59522003,5.048547388,0,0
0.0,0,35.02559381,11.606484,0,0,0,5.783244946,0,0.0,0,8.33e-17,0,0,0,0,4.63e-18,0,0,0,0,0,0,0,0,0,0,0,0,0,0,0,0,0,0,0,0,0,0,0,0,0.0,0.0,0.0,0,0,0,0.0,0.0,0,0,0,0,0,0,0,0.0,94.33333333,7.705343814,5.2285,1.603,18,0,0,-0.250199,9.754294387,5.253766182,0,0
24.34735046,0,11.76188495,14.288166,0,0,1,0.0,1,0.0,0,-1.25e-16,0,0,0,0,-8.33e-18,0,0,0,0,0,0,0,0,0,0,0,0,0,0,0,0,0,0,0,0,0,0,0,0,0.0,0.0,0.0,0,0,0,0.0,0.0,0,0,0,0,0,0,0,0.0,97.66666667,5.162450142,5.007,0.0,15,0,0,-0.230534,24.34735046,3.643281734,0,0
12.29761001,0,0.0,14.46317,0,0,1,0.0,1,0.0,0,2.36e-16,0,0,0,0,2.14e-17,0,0,0,0,0,0,0,0,0,0,0,0,0,0,0,0,0,0,0,0,0,0,0,0,0.0,0.0,0.0,0,0,0,0.0,0.0,0,0,0,0,0,0,0,4.794537184,93.66666667,3.991821306,8.5317,0.0,11,0,0,-0.249333,12.29761001,2.786075375,0,1
11.50570721,0,0.0,13.811136,0,0,0,0.0,0,0.0,0,1.67e-16,0,0,0,0,9.25e-18,0,0,0,0,0,0,0,0,0,0,0,0,0,0,0,0,0,0,0,0,0,0,0,0,0.0,0.0,0.0,0,0,0,0.0,0.0,0,0,0,0,0,0,0,0.0,94.33333333,8.62,2.2188,0.9375,18,2,2,-0.241541,0.0,3.56359429,0,0
4.895483476,0,6.066367068,11.948828,0,0,0,0.0,0,0.0,0,-1.94e-16,0,0,0,0,-1.39e-17,0,0,0,0,0,0,0,0,0,0,0,0,0,0,0,0,0,0,0,0,0,0,0,0,0.0,0.0,0.0,0,0,0,0.0,0.0,0,0,0,0,0,0,0,0.0,106.6666667,5.50568521,2.2188,0.9375,14,0,0,-0.218486,0.0,2.72177746,0,0
12.39368714,1,36.39820241,12.56414,2,0,0,0.0,0,0.0,0,2.5e-16,0,0,0,0,1.14e-17,0,0,0,0,0,0,0,0,0,0,0,0,0,0,0,0,0,0,0,0,0,0,0,0,0.0,0.0,0.0,0,0,0,0.0,0.0,0,0,0,0,0,0,0,0.0,133.3333333,9.551020408,7.591,0.9898,22,0,0,-0.24105,10.05191996,6.265706516,0,0
11.37477255,0,60.66367068,9.924862,0,0,0,0.0,0,0.0,0,-3.19e-16,0,0,0,0,-1.14e-17,0,0,0,0,0,0,0,0,0,0,0,0,0,0,0,0,0,0,0,0,0,0,0,0,0.0,0.0,0.0,0,0,0,0.0,0.0,0,0,0,0,0,0,0,11.37477255,95.33333333,10.64127724,3.9627,0.0,28,0,0,-0.219054,11.37477255,5.433739641,0,0
0.0,0,22.89285968,12.353236,0,0,0,0.0,0,0.0,0,6.94e-17,0,0,0,0,7.71e-18,0,0,0,0,0,0,0,0,0,0,0,0,0,0,0,0,0,0,0,0,0,0,0,0,0.0,0.0,0.0,0,0,0,0.0,0.0,0,0,0,0,0,0,0,0.0,154.3333333,2.912765957,24.319,0.0,9,0,0,-0.242094,0.0,2.414213562,0,0
19.50858877,0,11.33678588,12.983163,0,0,0,0.0,0,0.0,0,6.94e-17,0,0,0,0,3.02e-18,0,0,0,0,0,0,0,0,0,0,0,0,0,0,0,0,0,0,0,0,0,0,0,0,0.0,0.0,0.0,0,0,0,0.0,0.0,0,0,0,0,0,0,0,0.0,125.3333333,9.334906061,23.313,1.7383,23,0,0,-0.201635,0.0,7.18507051,0,0
11.57690634,0,5.38006277,11.977493,0,0,0,0.0,0,0.0,0,1.39e-17,0,0,0,0,1.73e-18,0,0,0,0,0,0,0,0,0,0,0,0,0,0,0,0,0,0,0,0,0,0,0,0,0.0,0.0,0.0,0,0,0,0.0,0.0,0,0,0,0,0,0,0,0.0,114.6666667,2.845982721,22.114,0.0,8,0,0,-0.257285,0.0,2.263944675,0,0
0.0,0,23.70964048,13.142882,0,0,0,0.0,0,0.0,0,-8.33e-17,0,0,0,0,-5.95e-18,0,0,0,0,0,0,0,0,0,0,0,0,0,0,0,0,0,0,0,0,0,0,0,0,0.0,0.0,0.0,0,0,0,0.0,1.261574074,0,0,0,0,0,0,0,0.0,149.3333333,4.939958514,21.992,0.0,14,0,0,-0.244095,5.516700718,3.628635174,0,0
0.0,0,18.19910121,12.736787,0,0,0,0.0,0,0.0,0,1.39e-17,0,0,0,0,3.85e-19,0,0,0,0,0,0,0,0,0,0,0,0,0,0,0,0,0,0,0,0,0,0,0,0,0.0,0.0,0.0,0,0,0,0.0,-0.426805556,0,0,0,0,0,0,0,0.0,85.0,13.01452023,8.986,1.161,36,0,0,-0.236745,0.0,7.152871201,0,0
4.747022453,0,0.0,13.369381,0,0,4,0.0,4,0.0,0,-2.01e-16,0,0,0,0,-7.45e-18,0,0,0,0,0,0,0,0,0,0,0,0,0,0,0,0,0,0,0,0,0,0,0,0,0.0,0.0,0.0,0,0,0,0.0,0.494791667,0,0,0,0,0,0,0,0.0,86.66666667,6.822036359,8.986,0.0,27,0,0,-0.236527,17.75371814,5.405715179,0,0
9.918116789,0,24.26546827,14.564278,0,0,0,0.0,0,0.0,0,0.0,0,0,0,0,0.0,0,0,0,0,0,0,0,0,0,0,0,0,0,0,0,0,0,0,0,0,0,0,0,0,0.0,0.0,0.0,0,0,0,0.0,0.0,0,0,0,0,0,0,0,0.0,96.33333333,5.987226463,5.853,0.6895,13,0,0,-0.227297,9.918116789,3.059134308,0,0
9.790966951,0,24.26546827,14.537963,0,0,0,0.0,0,0.0,0,-2.78e-16,0,0,0,0,-1.98e-17,0,0,0,0,0,0,0,0,0,0,0,0,0,0,0,0,0,0,0,0,0,0,0,0,0.0,0.0,0.0,0,0,0,0.0,0.0,0,0,0,0,0,0,0,0.0,104.0,6.046262626,8.986,0.3805,14,0,0,-0.212278,9.790966951,3.163007992,0,0
9.790966951,0,24.26546827,14.269183,0,0,0,0.0,0,0.0,0,-1.53e-16,0,0,0,0,-1.09e-17,0,0,0,0,0,0,0,0,0,0,0,0,0,0,0,0,0,0,0,0,0,0,0,0,0.0,0.0,0.0,0,0,0,0.0,0.0,0,0,0,0,0,0,0,0.0,100.6666667,6.046262626,8.986,0.3805,14,0,0,-0.223647,9.790966951,3.163007992,0,0
9.790966951,0,24.26546827,14.501425,0,0,0,0.0,0,0.0,0,8.33e-17,0,0,0,0,5.95e-18,0,0,0,0,0,0,0,0,0,0,0,0,0,0,0,0,0,0,0,0,0,0,0,0,0.0,0.0,0.0,0,0,0,0.0,0.0,0,0,0,0,0,0,0,0.0,99.66666667,6.046262626,8.986,0.3805,14,0,0,-0.222637,9.790966951,3.168991056,0,0
6.196843572,0,18.19910121,12.473503,1,0,0,0.0,0,0.0,0,6.94e-17,0,0,0,0,5.78e-18,0,0,0,0,0,0,0,0,0,0,0,0,0,0,0,0,0,0,0,0,0,0,0,0,0.0,0.0,0.0,0,0,0,0.0,0.0,0,0,0,0,0,0,0,0.0,138.3333333,4.653846154,8.986,0.0,12,0,0,-0.236057,5.025959979,2.441301215,0,0
17.28917062,0,12.13273414,14.423264,1,0,0,0.0,0,0.0,0,-1.11e-16,0,0,0,0,-9.25e-18,0,0,0,0,0,0,0,0,0,0,0,0,0,0,0,0,0,0,0,0,0,0,0,0,0.0,0.0,0.0,0,0,0,0.0,0.0,0,0,0,0,0,0,0,0.0,134.0,4.653846154,8.986,0.0,12,0,0,-0.244629,4.895483476,2.431235109,0,0
17.64362517,0,18.19910121,14.733753,1,0,0,0.0,0,0.0,0,8.33e-17,0,0,0,0,5.55e-18,0,0,0,0,0,0,0,0,0,0,0,0,0,0,0,0,0,0,0,0,0,0,0,0,0.0,0.0,0.0,0,0,0,0.0,0.0,0,0,0,0,0,0,0,0.0,129.3333333,5.633333333,8.986,0.556,15,0,0,-0.243973,11.4467816,3.072717511,0,0
0.0,0,0.0,13.985197,0,0,0,0.0,0,0.0,0,-2.78e-17,0,0,0,0,-8.16e-19,0,0,0,0,0,0,0,0,0,0,0,0,0,0,0,0,0,0,0,0,0,0,0,0,0.0,0.0,0.0,0,0,0,0.0,0.0,0,0,0,0,0,0,0,0.0,85.33333333,12.7,8.986,0.0,34,0,0,-0.239577,11.50570721,6.397366596,0,0
0.0,0,0.0,14.029267,0,0,0,0.0,0,0.0,0,-5.55e-17,0,0,0,0,-1.98e-18,0,0,0,0,0,0,0,0,0,0,0,0,0,0,0,0,0,0,0,0,0,0,0,0,0.0,0.0,0.0,0,0,0,0.0,0.0,0,0,0,0,0,0,0,0.0,108.3333333,10.7,8.986,0.0,28,0,0,-0.239609,11.50570721,5.397366596,0,0
0.0,0,0.0,14.192581,0,0,0,0.0,0,0.0,0,1.11e-16,0,0,0,0,5.84e-18,0,0,0,0,0,0,0,0,0,0,0,0,0,0,0,0,0,0,0,0,0,0,0,0,0.0,0.0,0.0,0,0,0,0.0,0.0,0,0,0,0,0,0,0,0.0,83.66666667,7.7,8.986,0.0,19,0,0,-0.23994,11.50570721,3.897366596,0,0
0.0,0,0.0,14.306475,0,0,0,0.0,0,0.0,0,-1.67e-16,0,0,0,0,-1.04e-17,0,0,0,0,0,0,0,0,0,0,0,0,0,0,0,0,0,0,0,0,0,0,0,0,0.0,0.0,0.0,0,0,0,0.0,0.0,0,0,0,0,0,0,0,0.0,97.66666667,6.7,8.986,0.0,16,0,0,-0.24043,11.50570721,3.397366596,0,0
0.0,0,0.0,14.944512,0,0,0,0.0,0,0.0,0,-8.33e-17,0,0,0,0,-8.33e-18,0,0,0,0,0,0,0,0,0,0,0,0,0,0,0,0,0,0,0,0,0,0,0,0,0.0,0.0,0.0,0,0,0,0.0,0.0,0,0,0,0,0,0,0,0.0,129.6666667,4.7,8.986,0.0,10,0,0,-0.243849,11.50570721,2.397366596,0,0
